"team","year","seed","postseason","expected_rounds","actual_rounds","cinderella_matrix"
"North Carolina",2022,8,"2ND","0.80",5,"4.20"
"Kentucky",2014,8,"2ND","0.80",5,"4.20"
"Connecticut",2014,7,"Champions","1.08",5,"3.92"
"San Diego St.",2023,5,"2ND","1.15",5,"3.85"
"Syracuse",2016,10,"F4","0.50",4,"3.50"
"Loyola Chicago",2018,11,"F4","0.64",4,"3.36"
"UCLA",2021,11,"F4","0.64",4,"3.36"
"Connecticut",2023,4,"Champions","1.67",5,"3.33"
"Michigan",2013,4,"2ND","1.67",5,"3.33"
"Wichita St.",2013,9,"F4","0.77",4,"3.23"
"Florida Atlantic",2023,9,"F4","0.77",4,"3.23"
"Texas Tech",2019,3,"2ND","1.83",5,"3.17"
"Michigan",2018,3,"2ND","1.83",5,"3.17"
"Villanova",2016,2,"Champions","2.05",5,"2.95"
"Michigan St.",2015,7,"F4","1.08",4,"2.92"
"South Carolina",2017,7,"F4","1.08",4,"2.92"
"Miami FL",2023,5,"F4","1.15",4,"2.85"
"Auburn",2019,5,"F4","1.15",4,"2.85"
"Saint Peter's",2022,15,"E8","0.25",3,"2.75"
"Oregon St.",2021,12,"E8","0.45",3,"2.55"
"Miami FL",2022,10,"E8","0.50",3,"2.50"
"Xavier",2017,11,"E8","0.64",3,"2.36"
"Dayton",2014,11,"E8","0.64",3,"2.36"
"Syracuse",2013,4,"F4","1.67",4,"2.33"
"Notre Dame",2016,6,"E8","0.73",3,"2.27"
"Creighton",2023,6,"E8","0.73",3,"2.27"
"USC",2021,6,"E8","0.73",3,"2.27"
"Florida St.",2018,9,"E8","0.77",3,"2.23"
"Kansas St.",2018,9,"E8","0.77",3,"2.23"
"Oregon",2017,3,"F4","1.83",4,"2.17"
"Virginia",2019,1,"Champions","2.88",5,"2.12"
"Baylor",2021,1,"Champions","2.88",5,"2.12"
"North Carolina",2016,1,"2ND","2.88",5,"2.12"
"Gonzaga",2021,1,"2ND","2.88",5,"2.12"
"Villanova",2018,1,"Champions","2.88",5,"2.12"
"Gonzaga",2017,1,"2ND","2.88",5,"2.12"
"Duke",2015,1,"Champions","2.88",5,"2.12"
"North Carolina",2017,1,"Champions","2.88",5,"2.12"
"Kansas",2022,1,"Champions","2.88",5,"2.12"
"Wisconsin",2015,1,"2ND","2.88",5,"2.12"
"Louisville",2013,1,"Champions","2.88",5,"2.12"
"Houston",2021,2,"F4","2.05",4,"1.95"
"Duke",2022,2,"F4","2.05",4,"1.95"
"Wisconsin",2014,2,"F4","2.05",4,"1.95"
"Oklahoma",2016,2,"F4","2.05",4,"1.95"
"Michigan St.",2019,2,"F4","2.05",4,"1.95"
"Villanova",2022,2,"F4","2.05",4,"1.95"
"Houston",2022,5,"E8","1.15",3,"1.85"
"La Salle",2013,13,"S16","0.22",2,"1.78"
"Oral Roberts",2021,15,"S16","0.25",2,"1.75"
"Princeton",2023,15,"S16","0.25",2,"1.75"
"Florida Gulf Coast",2013,15,"S16","0.25",2,"1.75"
"Oregon",2013,12,"S16","0.45",2,"1.55"
"Oregon",2019,12,"S16","0.45",2,"1.55"
"Stanford",2014,10,"S16","0.50",2,"1.50"
"Iowa St.",2022,11,"S16","0.64",2,"1.36"
"Michigan",2022,11,"S16","0.64",2,"1.36"
"Tennessee",2014,11,"S16","0.64",2,"1.36"
"UCLA",2015,11,"S16","0.64",2,"1.36"
"Syracuse",2018,11,"S16","0.64",2,"1.36"
"Syracuse",2021,11,"S16","0.64",2,"1.36"
"Gonzaga",2016,11,"S16","0.64",2,"1.36"
"Michigan St.",2014,4,"E8","1.67",3,"1.33"
"Louisville",2015,4,"E8","1.67",3,"1.33"
"Florida",2017,4,"E8","1.67",3,"1.33"
"Arkansas",2022,4,"E8","1.67",3,"1.33"
"Baylor",2014,6,"S16","0.73",2,"1.27"
"Arizona",2013,6,"S16","0.73",2,"1.27"
"Xavier",2015,6,"S16","0.73",2,"1.27"
"Arkansas",2023,8,"S16","0.80",2,"1.20"
"Loyola Chicago",2021,8,"S16","0.80",2,"1.20"
"North Carolina St.",2015,8,"S16","0.80",2,"1.20"
"Wisconsin",2017,8,"S16","0.80",2,"1.20"
"Notre Dame",2015,3,"E8","1.83",3,"1.17"
"Purdue",2019,3,"E8","1.83",3,"1.17"
"Kansas St.",2023,3,"E8","1.83",3,"1.17"
"Florida",2013,3,"E8","1.83",3,"1.17"
"Arkansas",2021,3,"E8","1.83",3,"1.17"
"Gonzaga",2023,3,"E8","1.83",3,"1.17"
"Texas Tech",2018,3,"E8","1.83",3,"1.17"
"Marquette",2013,3,"E8","1.83",3,"1.17"
"Kentucky",2015,1,"F4","2.88",4,"1.12"
"Kansas",2018,1,"F4","2.88",4,"1.12"
"Florida",2014,1,"F4","2.88",4,"1.12"
"UMBC",2018,16,"R32","0.03",1,"0.97"
"Fairleigh Dickinson",2023,16,"R32","0.03",1,"0.97"
"Gonzaga",2015,2,"E8","2.05",3,"0.95"
"Michigan",2014,2,"E8","2.05",3,"0.95"
"Ohio St.",2013,2,"E8","2.05",3,"0.95"
"Duke",2018,2,"E8","2.05",3,"0.95"
"Arizona",2015,2,"E8","2.05",3,"0.95"
"Kentucky",2019,2,"E8","2.05",3,"0.95"
"Kentucky",2017,2,"E8","2.05",3,"0.95"
"Texas",2023,2,"E8","2.05",3,"0.95"
"Duke",2013,2,"E8","2.05",3,"0.95"
"Nevada",2018,7,"S16","1.08",2,"0.92"
"Michigan",2017,7,"S16","1.08",2,"0.92"
"Wisconsin",2016,7,"S16","1.08",2,"0.92"
"Michigan St.",2023,7,"S16","1.08",2,"0.92"
"Oregon",2021,7,"S16","1.08",2,"0.92"
"Texas A&M",2018,7,"S16","1.08",2,"0.92"
"Wichita St.",2015,7,"S16","1.08",2,"0.92"
"Villanova",2021,5,"S16","1.15",2,"0.85"
"West Virginia",2018,5,"S16","1.15",2,"0.85"
"Kentucky",2018,5,"S16","1.15",2,"0.85"
"West Virginia",2015,5,"S16","1.15",2,"0.85"
"Utah",2015,5,"S16","1.15",2,"0.85"
"Mercer",2014,14,"R32","0.15",1,"0.85"
"Georgia St.",2015,14,"R32","0.15",1,"0.85"
"Abilene Christian",2021,14,"R32","0.15",1,"0.85"
"Clemson",2018,5,"S16","1.15",2,"0.85"
"UAB",2015,14,"R32","0.15",1,"0.85"
"Stephen F. Austin",2016,14,"R32","0.15",1,"0.85"
"Harvard",2013,14,"R32","0.15",1,"0.85"
"Creighton",2021,5,"S16","1.15",2,"0.85"
"Maryland",2016,5,"S16","1.15",2,"0.85"
"Indiana",2016,5,"S16","1.15",2,"0.85"
"Furman",2023,13,"R32","0.22",1,"0.78"
"Hawaii",2016,13,"R32","0.22",1,"0.78"
"UC Irvine",2019,13,"R32","0.22",1,"0.78"
"Buffalo",2018,13,"R32","0.22",1,"0.78"
"North Texas",2021,13,"R32","0.22",1,"0.78"
"Ohio",2021,13,"R32","0.22",1,"0.78"
"Marshall",2018,13,"R32","0.22",1,"0.78"
"Middle Tennessee",2016,15,"R32","0.25",1,"0.75"
"Richmond",2022,12,"R32","0.45",1,"0.55"
"Liberty",2019,12,"R32","0.45",1,"0.55"
"Middle Tennessee",2017,12,"R32","0.45",1,"0.55"
"Yale",2016,12,"R32","0.45",1,"0.55"
"Murray St.",2019,12,"R32","0.45",1,"0.55"
"Arkansas Little Rock",2016,12,"R32","0.45",1,"0.55"
"Harvard",2014,12,"R32","0.45",1,"0.55"
"North Dakota St.",2014,12,"R32","0.45",1,"0.55"
"Stephen F. Austin",2014,12,"R32","0.45",1,"0.55"
"California",2013,12,"R32","0.45",1,"0.55"
"Mississippi",2013,12,"R32","0.45",1,"0.55"
"New Mexico St.",2022,12,"R32","0.45",1,"0.55"
"Iowa",2019,10,"R32","0.50",1,"0.50"
"Minnesota",2019,10,"R32","0.50",1,"0.50"
"Maryland",2021,10,"R32","0.50",1,"0.50"
"Florida",2019,10,"R32","0.50",1,"0.50"
"Penn St.",2023,10,"R32","0.50",1,"0.50"
"VCU",2016,10,"R32","0.50",1,"0.50"
"Rutgers",2021,10,"R32","0.50",1,"0.50"
"Wichita St.",2017,10,"R32","0.50",1,"0.50"
"Ohio St.",2015,10,"R32","0.50",1,"0.50"
"Iowa St.",2013,10,"R32","0.50",1,"0.50"
"Butler",2018,10,"R32","0.50",1,"0.50"
"Ohio St.",2019,11,"R32","0.64",1,"0.36"
"Pittsburgh",2023,11,"R32","0.64",1,"0.36"
"Wichita St.",2016,11,"R32","0.64",1,"0.36"
"Northern Iowa",2016,11,"R32","0.64",1,"0.36"
"Notre Dame",2022,11,"R32","0.64",1,"0.36"
"Minnesota",2013,11,"R32","0.64",1,"0.36"
"Rhode Island",2017,11,"R32","0.64",1,"0.36"
"Dayton",2015,11,"R32","0.64",1,"0.36"
"USC",2017,11,"R32","0.64",1,"0.36"
"Providence",2022,4,"S16","1.67",2,"0.33"
"Purdue",2017,4,"S16","1.67",2,"0.33"
"Florida St.",2021,4,"S16","1.67",2,"0.33"
"UCLA",2014,4,"S16","1.67",2,"0.33"
"Duke",2016,4,"S16","1.67",2,"0.33"
"Gonzaga",2018,4,"S16","1.67",2,"0.33"
"Virginia Tech",2019,4,"S16","1.67",2,"0.33"
"Louisville",2014,4,"S16","1.67",2,"0.33"
"San Diego St.",2014,4,"S16","1.67",2,"0.33"
"Tennessee",2023,4,"S16","1.67",2,"0.33"
"North Carolina",2015,4,"S16","1.67",2,"0.33"
"Butler",2017,4,"S16","1.67",2,"0.33"
"West Virginia",2017,4,"S16","1.67",2,"0.33"
"Florida St.",2019,4,"S16","1.67",2,"0.33"
"UCLA",2022,4,"S16","1.67",2,"0.33"
"Kentucky",2023,6,"R32","0.73",1,"0.27"
"Florida",2018,6,"R32","0.73",1,"0.27"
"Texas Tech",2021,6,"R32","0.73",1,"0.27"
"Butler",2013,6,"R32","0.73",1,"0.27"
"Memphis",2013,6,"R32","0.73",1,"0.27"
"Buffalo",2019,6,"R32","0.73",1,"0.27"
"Villanova",2019,6,"R32","0.73",1,"0.27"
"TCU",2023,6,"R32","0.73",1,"0.27"
"Butler",2015,6,"R32","0.73",1,"0.27"
"Maryland",2019,6,"R32","0.73",1,"0.27"
"Texas",2022,6,"R32","0.73",1,"0.27"
"North Carolina",2014,6,"R32","0.73",1,"0.27"
"Houston",2018,6,"R32","0.73",1,"0.27"
"Cincinnati",2017,6,"R32","0.73",1,"0.27"
"TCU",2022,9,"R32","0.77",1,"0.23"
"Memphis",2022,9,"R32","0.77",1,"0.23"
"Butler",2016,9,"R32","0.77",1,"0.23"
"Providence",2016,9,"R32","0.77",1,"0.23"
"Michigan St.",2017,9,"R32","0.77",1,"0.23"
"Temple",2013,9,"R32","0.77",1,"0.23"
"Pittsburgh",2014,9,"R32","0.77",1,"0.23"
"UCF",2019,9,"R32","0.77",1,"0.23"
"Wisconsin",2021,9,"R32","0.77",1,"0.23"
"Connecticut",2016,9,"R32","0.77",1,"0.23"
"Washington",2019,9,"R32","0.77",1,"0.23"
"Oklahoma",2019,9,"R32","0.77",1,"0.23"
"Baylor",2019,9,"R32","0.77",1,"0.23"
"Alabama",2018,9,"R32","0.77",1,"0.23"
"Creighton",2022,9,"R32","0.77",1,"0.23"
"Auburn",2023,9,"R32","0.77",1,"0.23"
"Oregon",2015,8,"R32","0.80",1,"0.20"
"Oklahoma",2021,8,"R32","0.80",1,"0.20"
"Gonzaga",2014,8,"R32","0.80",1,"0.20"
"Maryland",2023,8,"R32","0.80",1,"0.20"
"LSU",2021,8,"R32","0.80",1,"0.20"
"Northwestern",2017,8,"R32","0.80",1,"0.20"
"Seton Hall",2018,8,"R32","0.80",1,"0.20"
"Saint Joseph's",2016,8,"R32","0.80",1,"0.20"
"Arkansas",2017,8,"R32","0.80",1,"0.20"
"Cincinnati",2015,8,"R32","0.80",1,"0.20"
"North Carolina",2013,8,"R32","0.80",1,"0.20"
"Memphis",2014,8,"R32","0.80",1,"0.20"
"Colorado St.",2013,8,"R32","0.80",1,"0.20"
"San Diego St.",2015,8,"R32","0.80",1,"0.20"
"Baylor",2017,3,"S16","1.83",2,"0.17"
"Oklahoma",2015,3,"S16","1.83",2,"0.17"
"Xavier",2023,3,"S16","1.83",2,"0.17"
"Houston",2019,3,"S16","1.83",2,"0.17"
"Michigan St.",2013,3,"S16","1.83",2,"0.17"
"Purdue",2022,3,"S16","1.83",2,"0.17"
"Texas Tech",2022,3,"S16","1.83",2,"0.17"
"Miami FL",2016,3,"S16","1.83",2,"0.17"
"Iowa St.",2016,3,"S16","1.83",2,"0.17"
"UCLA",2017,3,"S16","1.83",2,"0.17"
"Texas A&M",2016,3,"S16","1.83",2,"0.17"
"LSU",2019,3,"S16","1.83",2,"0.17"
"Iowa St.",2014,3,"S16","1.83",2,"0.17"
"Kansas",2016,1,"E8","2.88",3,"0.12"
"Kansas",2017,1,"E8","2.88",3,"0.12"
"Duke",2019,1,"E8","2.88",3,"0.12"
"Oregon",2016,1,"E8","2.88",3,"0.12"
"Michigan",2021,1,"E8","2.88",3,"0.12"
"Arizona",2014,1,"E8","2.88",3,"0.12"
"Gonzaga",2019,1,"E8","2.88",3,"0.12"
"Virginia",2016,1,"E8","2.88",3,"0.12"
"North Dakota St.",2019,16,"R64","0.03",0,"-0.03"
"LIU Brooklyn",2013,16,"R68","0.03",0,"-0.03"
"Texas Southern",2017,16,"R64","0.03",0,"-0.03"
"Texas Southern",2018,16,"R64","0.03",0,"-0.03"
"Texas Southern",2014,16,"R68","0.03",0,"-0.03"
"Mount St. Mary's",2014,16,"R68","0.03",0,"-0.03"
"Prairie View A&M",2019,16,"R68","0.03",0,"-0.03"
"Southern",2016,16,"R68","0.03",0,"-0.03"
"New Orleans",2017,16,"R68","0.03",0,"-0.03"
"LIU Brooklyn",2018,16,"R68","0.03",0,"-0.03"
"Fairleigh Dickinson",2016,16,"R68","0.03",0,"-0.03"
"North Carolina Central",2019,16,"R68","0.03",0,"-0.03"
"North Carolina Central",2018,16,"R68","0.03",0,"-0.03"
"North Carolina Central",2017,16,"R68","0.03",0,"-0.03"
"Manhattan",2015,16,"R68","0.03",0,"-0.03"
"North Florida",2015,16,"R68","0.03",0,"-0.03"
"James Madison",2013,16,"R64","0.03",0,"-0.03"
"Southern",2013,16,"R64","0.03",0,"-0.03"
"North Carolina A&T",2013,16,"R64","0.03",0,"-0.03"
"Western Kentucky",2013,16,"R64","0.03",0,"-0.03"
"Weber St.",2014,16,"R64","0.03",0,"-0.03"
"Coastal Carolina",2014,16,"R64","0.03",0,"-0.03"
"Cal Poly",2014,16,"R64","0.03",0,"-0.03"
"Albany",2014,16,"R64","0.03",0,"-0.03"
"Southeast Missouri St.",2023,16,"R68","0.03",0,"-0.03"
"Texas Southern",2023,16,"R68","0.03",0,"-0.03"
"Texas A&M Corpus Chris",2023,16,"R64","0.03",0,"-0.03"
"Howard",2023,16,"R64","0.03",0,"-0.03"
"Northern Kentucky",2023,16,"R64","0.03",0,"-0.03"
"Texas A&M Corpus Chris",2022,16,"R68","0.03",0,"-0.03"
"Norfolk St.",2022,16,"R64","0.03",0,"-0.03"
"Texas Southern",2022,16,"R64","0.03",0,"-0.03"
"Wright St.",2022,16,"R64","0.03",0,"-0.03"
"Bryant",2022,16,"R68","0.03",0,"-0.03"
"Georgia St.",2022,16,"R64","0.03",0,"-0.03"
"Florida Gulf Coast",2016,16,"R64","0.03",0,"-0.03"
"Appalachian St.",2021,16,"R68","0.03",0,"-0.03"
"Texas Southern",2021,16,"R64","0.03",0,"-0.03"
"Norfolk St.",2021,16,"R64","0.03",0,"-0.03"
"Hartford",2021,16,"R64","0.03",0,"-0.03"
"Mount St. Mary's",2021,16,"R68","0.03",0,"-0.03"
"Drexel",2021,16,"R64","0.03",0,"-0.03"
"Coastal Carolina",2015,16,"R64","0.03",0,"-0.03"
"Radford",2018,16,"R64","0.03",0,"-0.03"
"Gardner Webb",2019,16,"R64","0.03",0,"-0.03"
"UC Davis",2017,16,"R64","0.03",0,"-0.03"
"Penn",2018,16,"R64","0.03",0,"-0.03"
"Iona",2019,16,"R64","0.03",0,"-0.03"
"Hampton",2015,16,"R64","0.03",0,"-0.03"
"Hampton",2016,16,"R64","0.03",0,"-0.03"
"Robert Morris",2015,16,"R64","0.03",0,"-0.03"
"Mount St. Mary's",2017,16,"R64","0.03",0,"-0.03"
"Fairleigh Dickinson",2019,16,"R64","0.03",0,"-0.03"
"Austin Peay",2016,16,"R64","0.03",0,"-0.03"
"Lafayette",2015,16,"R64","0.03",0,"-0.03"
"Holy Cross",2016,16,"R64","0.03",0,"-0.03"
"South Dakota St.",2017,16,"R64","0.03",0,"-0.03"
"Liberty",2013,16,"R68","0.03",0,"-0.03"
"Miami FL",2013,2,"S16","2.05",2,"-0.05"
"Alabama",2021,2,"S16","2.05",2,"-0.05"
"Michigan",2019,2,"S16","2.05",2,"-0.05"
"Purdue",2018,2,"S16","2.05",2,"-0.05"
"UCLA",2023,2,"S16","2.05",2,"-0.05"
"Arizona",2017,2,"S16","2.05",2,"-0.05"
"Tennessee",2019,2,"S16","2.05",2,"-0.05"
"Murray St.",2022,7,"R32","1.08",1,"-0.08"
"Rhode Island",2018,7,"R32","1.08",1,"-0.08"
"Creighton",2013,7,"R32","1.08",1,"-0.08"
"Illinois",2013,7,"R32","1.08",1,"-0.08"
"San Diego St.",2013,7,"R32","1.08",1,"-0.08"
"Texas",2014,7,"R32","1.08",1,"-0.08"
"Oregon",2014,7,"R32","1.08",1,"-0.08"
"Saint Mary's",2017,7,"R32","1.08",1,"-0.08"
"Northwestern",2023,7,"R32","1.08",1,"-0.08"
"Wofford",2019,7,"R32","1.08",1,"-0.08"
"Missouri",2023,7,"R32","1.08",1,"-0.08"
"Iowa",2016,7,"R32","1.08",1,"-0.08"
"Florida",2021,7,"R32","1.08",1,"-0.08"
"Iowa",2015,7,"R32","1.08",1,"-0.08"
"Ohio St.",2022,7,"R32","1.08",1,"-0.08"
"Michigan St.",2022,7,"R32","1.08",1,"-0.08"
"Northern Kentucky",2019,14,"R64","0.15",0,"-0.15"
"Notre Dame",2017,5,"R32","1.15",1,"-0.15"
"Virginia",2017,5,"R32","1.15",1,"-0.15"
"Ohio St.",2018,5,"R32","1.15",1,"-0.15"
"Iowa St.",2017,5,"R32","1.15",1,"-0.15"
"Northern Iowa",2015,5,"R32","1.15",1,"-0.15"
"Arkansas",2015,5,"R32","1.15",1,"-0.15"
"Saint Louis",2014,5,"R32","1.15",1,"-0.15"
"VCU",2013,5,"R32","1.15",1,"-0.15"
"Albany",2015,14,"R64","0.15",0,"-0.15"
"Florida Gulf Coast",2017,14,"R64","0.15",0,"-0.15"
"Montana",2018,14,"R64","0.15",0,"-0.15"
"Northeastern",2015,14,"R64","0.15",0,"-0.15"
"Old Dominion",2019,14,"R64","0.15",0,"-0.15"
"Green Bay",2016,14,"R64","0.15",0,"-0.15"
"Wright St.",2018,14,"R64","0.15",0,"-0.15"
"Yale",2019,14,"R64","0.15",0,"-0.15"
"Iona",2017,14,"R64","0.15",0,"-0.15"
"Buffalo",2016,14,"R64","0.15",0,"-0.15"
"Kent St.",2017,14,"R64","0.15",0,"-0.15"
"Fresno St.",2016,14,"R64","0.15",0,"-0.15"
"Bucknell",2018,14,"R64","0.15",0,"-0.15"
"Georgia St.",2019,14,"R64","0.15",0,"-0.15"
"Stephen F. Austin",2018,14,"R64","0.15",0,"-0.15"
"New Mexico St.",2017,14,"R64","0.15",0,"-0.15"
"Louisiana Lafayette",2014,14,"R64","0.15",0,"-0.15"
"North Carolina Central",2014,14,"R64","0.15",0,"-0.15"
"Western Michigan",2014,14,"R64","0.15",0,"-0.15"
"Northwestern St.",2013,14,"R64","0.15",0,"-0.15"
"Davidson",2013,14,"R64","0.15",0,"-0.15"
"Valparaiso",2013,14,"R64","0.15",0,"-0.15"
"Colorado",2021,5,"R32","1.15",1,"-0.15"
"Colgate",2021,14,"R64","0.15",0,"-0.15"
"Eastern Washington",2021,14,"R64","0.15",0,"-0.15"
"Morehead St.",2021,14,"R64","0.15",0,"-0.15"
"Saint Mary's",2022,5,"R32","1.15",1,"-0.15"
"Colgate",2022,14,"R64","0.15",0,"-0.15"
"Longwood",2022,14,"R64","0.15",0,"-0.15"
"Yale",2022,14,"R64","0.15",0,"-0.15"
"Montana St.",2022,14,"R64","0.15",0,"-0.15"
"Saint Mary's",2023,5,"R32","1.15",1,"-0.15"
"Duke",2023,5,"R32","1.15",1,"-0.15"
"Grand Canyon",2023,14,"R64","0.15",0,"-0.15"
"Montana St.",2023,14,"R64","0.15",0,"-0.15"
"Kennesaw St.",2023,14,"R64","0.15",0,"-0.15"
"UC Santa Barbara",2023,14,"R64","0.15",0,"-0.15"
"Liberty",2021,13,"R64","0.22",0,"-0.22"
"UNC Greensboro",2018,13,"R64","0.22",0,"-0.22"
"East Tennessee St.",2017,13,"R64","0.22",0,"-0.22"
"South Dakota St.",2013,13,"R64","0.22",0,"-0.22"
"Montana",2013,13,"R64","0.22",0,"-0.22"
"Bucknell",2017,13,"R64","0.22",0,"-0.22"
"Harvard",2015,13,"R64","0.22",0,"-0.22"
"Iona",2016,13,"R64","0.22",0,"-0.22"
"Stony Brook",2016,13,"R64","0.22",0,"-0.22"
"New Mexico St.",2013,13,"R64","0.22",0,"-0.22"
"Louisiana Lafayette",2023,13,"R64","0.22",0,"-0.22"
"Iona",2023,13,"R64","0.22",0,"-0.22"
"Saint Louis",2019,13,"R64","0.22",0,"-0.22"
"Eastern Washington",2015,13,"R64","0.22",0,"-0.22"
"Winthrop",2017,13,"R64","0.22",0,"-0.22"
"UC Irvine",2015,13,"R64","0.22",0,"-0.22"
"UNC Wilmington",2016,13,"R64","0.22",0,"-0.22"
"Vermont",2019,13,"R64","0.22",0,"-0.22"
"Vermont",2017,13,"R64","0.22",0,"-0.22"
"Tulsa",2014,13,"R64","0.22",0,"-0.22"
"College of Charleston",2018,13,"R64","0.22",0,"-0.22"
"Boise St.",2013,13,"R68","0.22",0,"-0.22"
"New Mexico St.",2014,13,"R64","0.22",0,"-0.22"
"UNC Greensboro",2021,13,"R64","0.22",0,"-0.22"
"Manhattan",2014,13,"R64","0.22",0,"-0.22"
"Akron",2022,13,"R64","0.22",0,"-0.22"
"South Dakota St.",2022,13,"R64","0.22",0,"-0.22"
"Chattanooga",2022,13,"R64","0.22",0,"-0.22"
"Vermont",2022,13,"R64","0.22",0,"-0.22"
"Kent St.",2023,13,"R64","0.22",0,"-0.22"
"Delaware",2014,13,"R64","0.22",0,"-0.22"
"Northeastern",2019,13,"R64","0.22",0,"-0.22"
"Valparaiso",2015,13,"R64","0.22",0,"-0.22"
"Weber St.",2016,15,"R64","0.25",0,"-0.25"
"Delaware",2022,15,"R64","0.25",0,"-0.25"
"North Dakota",2017,15,"R64","0.25",0,"-0.25"
"UNC Asheville",2023,15,"R64","0.25",0,"-0.25"
"Colgate",2023,15,"R64","0.25",0,"-0.25"
"Montana",2019,15,"R64","0.25",0,"-0.25"
"Vermont",2023,15,"R64","0.25",0,"-0.25"
"Georgia St.",2018,15,"R64","0.25",0,"-0.25"
"Troy",2017,15,"R64","0.25",0,"-0.25"
"Colgate",2019,15,"R64","0.25",0,"-0.25"
"UNC Asheville",2016,15,"R64","0.25",0,"-0.25"
"Northern Kentucky",2017,15,"R64","0.25",0,"-0.25"
"Texas Southern",2015,15,"R64","0.25",0,"-0.25"
"Cal St. Bakersfield",2016,15,"R64","0.25",0,"-0.25"
"Cal St. Fullerton",2018,15,"R64","0.25",0,"-0.25"
"Iona",2018,15,"R64","0.25",0,"-0.25"
"Bradley",2019,15,"R64","0.25",0,"-0.25"
"Belmont",2015,15,"R64","0.25",0,"-0.25"
"Jacksonville St.",2017,15,"R64","0.25",0,"-0.25"
"New Mexico St.",2015,15,"R64","0.25",0,"-0.25"
"Iona",2021,15,"R64","0.25",0,"-0.25"
"Grand Canyon",2021,15,"R64","0.25",0,"-0.25"
"Cleveland St.",2021,15,"R64","0.25",0,"-0.25"
"Pacific",2013,15,"R64","0.25",0,"-0.25"
"Iona",2013,15,"R64","0.25",0,"-0.25"
"Albany",2013,15,"R64","0.25",0,"-0.25"
"Lipscomb",2018,15,"R64","0.25",0,"-0.25"
"American",2014,15,"R64","0.25",0,"-0.25"
"North Dakota St.",2015,15,"R64","0.25",0,"-0.25"
"Cal St. Fullerton",2022,15,"R64","0.25",0,"-0.25"
"Eastern Kentucky",2014,15,"R64","0.25",0,"-0.25"
"Milwaukee",2014,15,"R64","0.25",0,"-0.25"
"Abilene Christian",2019,15,"R64","0.25",0,"-0.25"
"Jacksonville St.",2022,15,"R64","0.25",0,"-0.25"
"Wofford",2014,15,"R64","0.25",0,"-0.25"
"Georgetown",2021,12,"R64","0.45",0,"-0.45"
"UC Santa Barbara",2021,12,"R64","0.45",0,"-0.45"
"Winthrop",2021,12,"R64","0.45",0,"-0.45"
"Drake",2023,12,"R64","0.45",0,"-0.45"
"Akron",2013,12,"R64","0.45",0,"-0.45"
"Davidson",2018,12,"R64","0.45",0,"-0.45"
"New Mexico St.",2019,12,"R64","0.45",0,"-0.45"
"New Mexico St.",2018,12,"R64","0.45",0,"-0.45"
"Xavier",2014,12,"R68","0.45",0,"-0.45"
"South Dakota St.",2018,12,"R64","0.45",0,"-0.45"
"South Dakota St.",2016,12,"R64","0.45",0,"-0.45"
"Stephen F. Austin",2015,12,"R64","0.45",0,"-0.45"
"Wyoming",2022,12,"R68","0.45",0,"-0.45"
"UAB",2022,12,"R64","0.45",0,"-0.45"
"Indiana",2022,12,"R64","0.45",0,"-0.45"
"Chattanooga",2016,12,"R64","0.45",0,"-0.45"
"Wofford",2015,12,"R64","0.45",0,"-0.45"
"Murray St.",2018,12,"R64","0.45",0,"-0.45"
"Nevada",2017,12,"R64","0.45",0,"-0.45"
"Wyoming",2015,12,"R64","0.45",0,"-0.45"
"Buffalo",2015,12,"R64","0.45",0,"-0.45"
"Princeton",2017,12,"R64","0.45",0,"-0.45"
"UNC Wilmington",2017,12,"R64","0.45",0,"-0.45"
"North Carolina St.",2014,12,"R64","0.45",0,"-0.45"
"VCU",2023,12,"R64","0.45",0,"-0.45"
"College of Charleston",2023,12,"R64","0.45",0,"-0.45"
"Oral Roberts",2023,12,"R64","0.45",0,"-0.45"
"Oklahoma St.",2017,10,"R64","0.50",0,"-0.50"
"VCU",2017,10,"R64","0.50",0,"-0.50"
"Saint Joseph's",2014,10,"R64","0.50",0,"-0.50"
"Temple",2016,10,"R64","0.50",0,"-0.50"
"Cincinnati",2013,10,"R64","0.50",0,"-0.50"
"Colorado",2013,10,"R64","0.50",0,"-0.50"
"Boise St.",2023,10,"R64","0.50",0,"-0.50"
"Providence",2018,10,"R64","0.50",0,"-0.50"
"BYU",2014,10,"R64","0.50",0,"-0.50"
"Georgia",2015,10,"R64","0.50",0,"-0.50"
"Seton Hall",2019,10,"R64","0.50",0,"-0.50"
"Arizona St.",2014,10,"R64","0.50",0,"-0.50"
"Davidson",2015,10,"R64","0.50",0,"-0.50"
"Texas",2018,10,"R64","0.50",0,"-0.50"
"Oklahoma",2013,10,"R64","0.50",0,"-0.50"
"Utah St.",2023,10,"R64","0.50",0,"-0.50"
"Virginia Tech",2021,10,"R64","0.50",0,"-0.50"
"Indiana",2015,10,"R64","0.50",0,"-0.50"
"Davidson",2022,10,"R64","0.50",0,"-0.50"
"Loyola Chicago",2022,10,"R64","0.50",0,"-0.50"
"San Francisco",2022,10,"R64","0.50",0,"-0.50"
"USC",2023,10,"R64","0.50",0,"-0.50"
"Oklahoma",2018,10,"R64","0.50",0,"-0.50"
"VCU",2021,10,"R64","0.50",0,"-0.50"
"Pittsburgh",2016,10,"R64","0.50",0,"-0.50"
"Marquette",2017,10,"R64","0.50",0,"-0.50"
"Michigan",2016,11,"R64","0.64",0,"-0.64"
"Providence",2023,11,"R64","0.64",0,"-0.64"
"Belmont",2013,11,"R64","0.64",0,"-0.64"
"Utah St.",2021,11,"R64","0.64",0,"-0.64"
"Nevada",2023,11,"R68","0.64",0,"-0.64"
"Drake",2021,11,"R64","0.64",0,"-0.64"
"Mississippi St.",2023,11,"R68","0.64",0,"-0.64"
"Texas",2015,11,"R64","0.64",0,"-0.64"
"Belmont",2019,11,"R64","0.64",0,"-0.64"
"San Diego St.",2018,11,"R64","0.64",0,"-0.64"
"George Washington",2014,11,"R64","0.64",0,"-0.64"
"Virginia Tech",2022,11,"R64","0.64",0,"-0.64"
"Michigan St.",2021,11,"R68","0.64",0,"-0.64"
"Providence",2014,11,"R64","0.64",0,"-0.64"
"Rutgers",2022,11,"R68","0.64",0,"-0.64"
"Wichita St.",2021,11,"R68","0.64",0,"-0.64"
"Arizona St.",2019,11,"R64","0.64",0,"-0.64"
"Mississippi",2015,11,"R64","0.64",0,"-0.64"
"Middle Tennessee",2013,11,"R68","0.64",0,"-0.64"
"Iowa",2014,11,"R68","0.64",0,"-0.64"
"BYU",2015,11,"R68","0.64",0,"-0.64"
"Saint Mary's",2019,11,"R64","0.64",0,"-0.64"
"Vanderbilt",2016,11,"R68","0.64",0,"-0.64"
"UCLA",2018,11,"R68","0.64",0,"-0.64"
"Arizona St.",2018,11,"R68","0.64",0,"-0.64"
"Boise St.",2015,11,"R68","0.64",0,"-0.64"
"Nebraska",2014,11,"R64","0.64",0,"-0.64"
"St. John's",2019,11,"R68","0.64",0,"-0.64"
"Providence",2017,11,"R68","0.64",0,"-0.64"
"Temple",2019,11,"R68","0.64",0,"-0.64"
"Saint Mary's",2013,11,"R64","0.64",0,"-0.64"
"Tulsa",2016,11,"R68","0.64",0,"-0.64"
"Bucknell",2013,11,"R64","0.64",0,"-0.64"
"Kansas St.",2017,11,"R64","0.64",0,"-0.64"
"Wake Forest",2017,11,"R68","0.64",0,"-0.64"
"St. Bonaventure",2018,11,"R64","0.64",0,"-0.64"
"Arizona St.",2023,11,"R64","0.64",0,"-0.64"
"North Carolina St.",2023,11,"R64","0.64",0,"-0.64"
"Kentucky",2016,4,"R32","1.67",1,"-0.67"
"Georgetown",2015,4,"R32","1.67",1,"-0.67"
"Kansas",2019,4,"R32","1.67",1,"-0.67"
"Oklahoma St.",2021,4,"R32","1.67",1,"-0.67"
"Illinois",2022,4,"R32","1.67",1,"-0.67"
"Maryland",2015,4,"R32","1.67",1,"-0.67"
"Saint Louis",2013,4,"R32","1.67",1,"-0.67"
"Indiana",2023,4,"R32","1.67",1,"-0.67"
"Auburn",2018,4,"R32","1.67",1,"-0.67"
"Texas",2016,6,"R64","0.73",0,"-0.73"
"Iowa St.",2023,6,"R64","0.73",0,"-0.73"
"Maryland",2017,6,"R64","0.73",0,"-0.73"
"Ohio St.",2014,6,"R64","0.73",0,"-0.73"
"Arizona",2016,6,"R64","0.73",0,"-0.73"
"Massachusetts",2014,6,"R64","0.73",0,"-0.73"
"UCLA",2013,6,"R64","0.73",0,"-0.73"
"Seton Hall",2016,6,"R64","0.73",0,"-0.73"
"SMU",2017,6,"R64","0.73",0,"-0.73"
"San Diego St.",2021,6,"R64","0.73",0,"-0.73"
"Iowa St.",2019,6,"R64","0.73",0,"-0.73"
"Creighton",2017,6,"R64","0.73",0,"-0.73"
"BYU",2021,6,"R64","0.73",0,"-0.73"
"LSU",2022,6,"R64","0.73",0,"-0.73"
"Alabama",2022,6,"R64","0.73",0,"-0.73"
"Colorado St.",2022,6,"R64","0.73",0,"-0.73"
"Providence",2015,6,"R64","0.73",0,"-0.73"
"SMU",2015,6,"R64","0.73",0,"-0.73"
"Miami FL",2018,6,"R64","0.73",0,"-0.73"
"TCU",2018,6,"R64","0.73",0,"-0.73"
"Oklahoma St.",2014,9,"R64","0.77",0,"-0.77"
"St. Bonaventure",2021,9,"R64","0.77",0,"-0.77"
"Marquette",2022,9,"R64","0.77",0,"-0.77"
"Oklahoma St.",2015,9,"R64","0.77",0,"-0.77"
"St. John's",2015,9,"R64","0.77",0,"-0.77"
"West Virginia",2023,9,"R64","0.77",0,"-0.77"
"Illinois",2023,9,"R64","0.77",0,"-0.77"
"Seton Hall",2017,9,"R64","0.77",0,"-0.77"
"North Carolina St.",2018,9,"R64","0.77",0,"-0.77"
"Purdue",2015,9,"R64","0.77",0,"-0.77"
"Kansas St.",2014,9,"R64","0.77",0,"-0.77"
"Missouri",2013,9,"R64","0.77",0,"-0.77"
"Missouri",2021,9,"R64","0.77",0,"-0.77"
"Villanova",2013,9,"R64","0.77",0,"-0.77"
"Georgia Tech",2021,9,"R64","0.77",0,"-0.77"
"Virginia Tech",2017,9,"R64","0.77",0,"-0.77"
"Vanderbilt",2017,9,"R64","0.77",0,"-0.77"
"LSU",2015,9,"R64","0.77",0,"-0.77"
"Cincinnati",2016,9,"R64","0.77",0,"-0.77"
"North Carolina St.",2013,8,"R64","0.80",0,"-0.80"
"North Carolina",2021,8,"R64","0.80",0,"-0.80"
"Creighton",2018,8,"R64","0.80",0,"-0.80"
"San Diego St.",2022,8,"R64","0.80",0,"-0.80"
"Boise St.",2022,8,"R64","0.80",0,"-0.80"
"Seton Hall",2022,8,"R64","0.80",0,"-0.80"
"Syracuse",2019,8,"R64","0.80",0,"-0.80"
"Virginia Tech",2018,8,"R64","0.80",0,"-0.80"
"Utah St.",2019,8,"R64","0.80",0,"-0.80"
"Colorado",2016,8,"R64","0.80",0,"-0.80"
"USC",2016,8,"R64","0.80",0,"-0.80"
"Miami FL",2017,8,"R64","0.80",0,"-0.80"
"Missouri",2018,8,"R64","0.80",0,"-0.80"
"Mississippi",2019,8,"R64","0.80",0,"-0.80"
"Pittsburgh",2013,8,"R64","0.80",0,"-0.80"
"Colorado",2014,8,"R64","0.80",0,"-0.80"
"VCU",2019,8,"R64","0.80",0,"-0.80"
"Memphis",2023,8,"R64","0.80",0,"-0.80"
"Iowa",2023,8,"R64","0.80",0,"-0.80"
"Texas Tech",2016,8,"R64","0.80",0,"-0.80"
"Creighton",2014,3,"R32","1.83",1,"-0.83"
"Wisconsin",2022,3,"R32","1.83",1,"-0.83"
"Syracuse",2014,3,"R32","1.83",1,"-0.83"
"Baylor",2023,3,"R32","1.83",1,"-0.83"
"Florida St.",2017,3,"R32","1.83",1,"-0.83"
"Tennessee",2022,3,"R32","1.83",1,"-0.83"
"West Virginia",2021,3,"R32","1.83",1,"-0.83"
"Michigan St.",2018,3,"R32","1.83",1,"-0.83"
"Kansas",2021,3,"R32","1.83",1,"-0.83"
"Tennessee",2018,3,"R32","1.83",1,"-0.83"
"Utah",2016,3,"R32","1.83",1,"-0.83"
"Indiana",2013,1,"S16","2.88",2,"-0.88"
"Gonzaga",2022,1,"S16","2.88",2,"-0.88"
"Alabama",2023,1,"S16","2.88",2,"-0.88"
"Houston",2023,1,"S16","2.88",2,"-0.88"
"North Carolina",2019,1,"S16","2.88",2,"-0.88"
"Kansas",2013,1,"S16","2.88",2,"-0.88"
"Arizona",2022,1,"S16","2.88",2,"-0.88"
"Virginia",2014,1,"S16","2.88",2,"-0.88"
"Kansas",2014,2,"R32","2.05",1,"-1.05"
"Virginia",2015,2,"R32","2.05",1,"-1.05"
"Villanova",2014,2,"R32","2.05",1,"-1.05"
"Cincinnati",2018,2,"R32","2.05",1,"-1.05"
"North Carolina",2018,2,"R32","2.05",1,"-1.05"
"Auburn",2022,2,"R32","2.05",1,"-1.05"
"Xavier",2016,2,"R32","2.05",1,"-1.05"
"Marquette",2023,2,"R32","2.05",1,"-1.05"
"Duke",2017,2,"R32","2.05",1,"-1.05"
"Louisville",2017,2,"R32","2.05",1,"-1.05"
"Kansas",2015,2,"R32","2.05",1,"-1.05"
"Iowa",2021,2,"R32","2.05",1,"-1.05"
"Dayton",2017,7,"R64","1.08",0,"-1.08"
"Louisville",2019,7,"R64","1.08",0,"-1.08"
"Clemson",2021,7,"R64","1.08",0,"-1.08"
"Nevada",2019,7,"R64","1.08",0,"-1.08"
"Arkansas",2018,7,"R64","1.08",0,"-1.08"
"New Mexico",2014,7,"R64","1.08",0,"-1.08"
"Cincinnati",2019,7,"R64","1.08",0,"-1.08"
"Connecticut",2021,7,"R64","1.08",0,"-1.08"
"Oregon St.",2016,7,"R64","1.08",0,"-1.08"
"USC",2022,7,"R64","1.08",0,"-1.08"
"Notre Dame",2013,7,"R64","1.08",0,"-1.08"
"VCU",2015,7,"R64","1.08",0,"-1.08"
"Texas A&M",2023,7,"R64","1.08",0,"-1.08"
"Dayton",2016,7,"R64","1.08",0,"-1.08"
"Wisconsin",2013,5,"R64","1.15",0,"-1.15"
"UNLV",2013,5,"R64","1.15",0,"-1.15"
"VCU",2014,5,"R64","1.15",0,"-1.15"
"Oklahoma",2014,5,"R64","1.15",0,"-1.15"
"Cincinnati",2014,5,"R64","1.15",0,"-1.15"
"Mississippi St.",2019,5,"R64","1.15",0,"-1.15"
"Marquette",2019,5,"R64","1.15",0,"-1.15"
"Tennessee",2021,5,"R64","1.15",0,"-1.15"
"Baylor",2016,5,"R64","1.15",0,"-1.15"
"Wisconsin",2019,5,"R64","1.15",0,"-1.15"
"Minnesota",2017,5,"R64","1.15",0,"-1.15"
"Purdue",2016,5,"R64","1.15",0,"-1.15"
"Iowa",2022,5,"R64","1.15",0,"-1.15"
"Connecticut",2022,5,"R64","1.15",0,"-1.15"
"Oklahoma St.",2013,5,"R64","1.15",0,"-1.15"
"Virginia",2021,4,"R64","1.67",0,"-1.67"
"Wichita St.",2018,4,"R64","1.67",0,"-1.67"
"Arizona",2018,4,"R64","1.67",0,"-1.67"
"California",2016,4,"R64","1.67",0,"-1.67"
"Kansas St.",2013,4,"R64","1.67",0,"-1.67"
"Kansas St.",2019,4,"R64","1.67",0,"-1.67"
"Purdue",2021,4,"R64","1.67",0,"-1.67"
"Virginia",2023,4,"R64","1.67",0,"-1.67"
"Baylor",2015,3,"R64","1.83",0,"-1.83"
"West Virginia",2016,3,"R64","1.83",0,"-1.83"
"Texas",2021,3,"R64","1.83",0,"-1.83"
"New Mexico",2013,3,"R64","1.83",0,"-1.83"
"Duke",2014,3,"R64","1.83",0,"-1.83"
"Iowa St.",2015,3,"R64","1.83",0,"-1.83"
"Villanova",2015,1,"R32","2.88",1,"-1.88"
"Xavier",2018,1,"R32","2.88",1,"-1.88"
"Wichita St.",2014,1,"R32","2.88",1,"-1.88"
"Gonzaga",2013,1,"R32","2.88",1,"-1.88"
"Kansas",2023,1,"R32","2.88",1,"-1.88"
"Baylor",2022,1,"R32","2.88",1,"-1.88"
"Illinois",2021,1,"R32","2.88",1,"-1.88"
"Villanova",2017,1,"R32","2.88",1,"-1.88"
"Georgetown",2013,2,"R64","2.05",0,"-2.05"
"Kentucky",2022,2,"R64","2.05",0,"-2.05"
"Ohio St.",2021,2,"R64","2.05",0,"-2.05"
"Arizona",2023,2,"R64","2.05",0,"-2.05"
"Michigan St.",2016,2,"R64","2.05",0,"-2.05"
"Virginia",2018,1,"R64","2.88",0,"-2.88"
"Purdue",2023,1,"R64","2.88",0,"-2.88"
