"product_id","product_name","order_id","quantity","list_price","discount","product_revenue","order_date","season","state","city"
3,"Surly Wednesday Frameset - 2016",1324,1,"999.99","0.20","799.99","2018-01-01","Winter","NY","Fresh Meadows"
269,"Trek Precaliber 12 Boy's - 2018",1326,2,"199.99","0.07","371.98","2018-01-01","Winter","TX","Longview"
190,"Trek Dual Sport+ - 2018",1326,2,"2799.99","0.07","5207.98","2018-01-01","Winter","TX","Longview"
28,"Surly Karate Monkey 27.5+ Frameset - 2017",1325,1,"2499.99","0.07","2324.99","2018-01-01","Winter","TX","Rowlett"
209,"Trek Crockett 7 Disc - 2018",1325,1,"2999.99","0.10","2699.99","2018-01-01","Winter","TX","Rowlett"
139,"Trek Remedy 7 27.5 - 2018",1325,1,"2999.99","0.05","2849.99","2018-01-01","Winter","TX","Rowlett"
257,"Electra Amsterdam Fashion 3i Ladies' - 2017/2018",1325,1,"899.99","0.05","854.99","2018-01-01","Winter","TX","Rowlett"
66,"Sun Bicycles Revolutions 24 - 2017",1324,1,"250.99","0.10","225.89","2018-01-01","Winter","NY","Fresh Meadows"
120,"Trek Fuel EX 7 29 - 2018",1324,2,"2499.99","0.20","3999.98","2018-01-01","Winter","NY","Fresh Meadows"
235,"Electra Koa 3i Ladies' - 2018",1324,1,"899.99","0.10","809.99","2018-01-01","Winter","NY","Fresh Meadows"
129,"Trek X-Caliber 7 - 2018",1328,2,"919.99","0.10","1655.98","2018-01-02","Winter","NY","Wantagh"
228,"Electra Cruiser 7D Tall - 2016/2018",1328,1,"319.99","0.07","297.59","2018-01-02","Winter","NY","Wantagh"
247,"Electra Townie Original 7D EQ - 2018",1328,1,"599.99","0.10","539.99","2018-01-02","Winter","NY","Wantagh"
151,"Trek Domane ALR 4 Disc Women's - 2018",1327,2,"1549.99","0.07","2882.98","2018-01-02","Winter","NY","Endicott"
235,"Electra Koa 3i Ladies' - 2018",1327,2,"899.99","0.10","1619.98","2018-01-02","Winter","NY","Endicott"
48,"Trek Emonda S 4 - 2017",1327,2,"1499.99","0.10","2699.98","2018-01-02","Winter","NY","Endicott"
180,"Trek Domane AL 3 Women's - 2018",1327,1,"919.99","0.20","735.99","2018-01-02","Winter","NY","Endicott"
311,"Electra Townie Commute 8D - 2018",1328,1,"749.99","0.10","674.99","2018-01-02","Winter","NY","Wantagh"
241,"Electra Townie Commute 8D - 2018",1328,1,"749.99","0.07","697.49","2018-01-02","Winter","NY","Wantagh"
13,"Electra Cruiser 1 (24-Inch) - 2016",1329,1,"269.99","0.10","242.99","2018-01-04","Winter","CA","Oxnard"
243,"Electra Townie Original 21D EQ Ladies' - 2018",1330,2,"679.99","0.05","1291.98","2018-01-04","Winter","NY","Ronkonkoma"
232,"Electra Cruiser Lux 7D Ladies' - 2018",1330,1,"479.99","0.20","383.99","2018-01-04","Winter","NY","Ronkonkoma"
143,"Trek Domane ALR 3 - 2018",1329,1,"1099.99","0.07","1022.99","2018-01-04","Winter","CA","Oxnard"
107,"Sun Bicycles Cruz 7 - 2017",1329,1,"416.99","0.05","396.14","2018-01-04","Winter","CA","Oxnard"
55,"Trek Domane S 6 - 2017",1329,1,"2699.99","0.07","2510.99","2018-01-04","Winter","CA","Oxnard"
283,"Electra Heartchya 1 (20-inch) - Girl's - 2018",1329,2,"319.99","0.20","511.98","2018-01-04","Winter","CA","Oxnard"
282,"Electra Cyclosaurus 1 (16-inch) - Boy's - 2018",1330,1,"279.99","0.10","251.99","2018-01-04","Winter","NY","Ronkonkoma"
102,"Electra Townie Original 7D - 2017",1330,2,"489.99","0.05","930.98","2018-01-04","Winter","NY","Ronkonkoma"
230,"Electra Cruiser Lux 1 Ladies' - 2018",1330,2,"429.99","0.20","687.98","2018-01-04","Winter","NY","Ronkonkoma"
253,"Electra Townie Go! 8i Ladies' - 2018",1331,1,"2599.99","0.05","2469.99","2018-01-05","Winter","NY","Massapequa Park"
300,"Electra Townie Balloon 3i EQ Ladies' - 2018",1331,1,"799.99","0.20","639.99","2018-01-05","Winter","NY","Massapequa Park"
145,"Trek Domane ALR 5 Disc - 2018",1331,2,"1799.99","0.10","3239.98","2018-01-05","Winter","NY","Massapequa Park"
290,"Electra Superbolt 3i 20"" - 2018",1331,1,"369.99","0.05","351.49","2018-01-05","Winter","NY","Massapequa Park"
205,"Trek Super Commuter+ 8S - 2018",1333,2,"4999.99","0.05","9499.98","2018-01-06","Winter","TX","Houston"
298,"Electra Water Lily 1 (16-inch) - Girl's - 2018",1332,1,"279.99","0.10","251.99","2018-01-06","Winter","NY","Merrick"
179,"Trek Domane AL 3 - 2018",1332,2,"919.99","0.07","1711.18","2018-01-06","Winter","NY","Merrick"
93,"Haro Shredder 20 Girls - 2017",1332,2,"209.99","0.05","398.98","2018-01-06","Winter","NY","Merrick"
296,"Electra Treasure 3i 20"" - 2018",1332,1,"369.99","0.20","295.99","2018-01-06","Winter","NY","Merrick"
78,"Sun Bicycles Biscayne Tandem CB - 2017",1333,1,"647.99","0.10","583.19","2018-01-06","Winter","TX","Houston"
12,"Electra Townie Original 21D - 2016",1333,1,"549.99","0.05","522.49","2018-01-06","Winter","TX","Houston"
99,"Electra Sugar Skulls 1 (20-inch) - Girl's - 2017",1333,2,"299.99","0.10","539.98","2018-01-06","Winter","TX","Houston"
304,"Electra Townie Original 21D EQ - 2017/2018",1333,2,"679.99","0.10","1223.98","2018-01-06","Winter","TX","Houston"
138,"Trek Fuel EX 5 Plus - 2018",1335,2,"2249.99","0.05","4274.98","2018-01-07","Winter","NY","West Babylon"
203,"Trek Powerfly 7 FS - 2018",1334,2,"4999.99","0.05","9499.98","2018-01-07","Winter","NY","Mount Vernon"
42,"Trek Fuel EX 5 27.5 Plus - 2017",1334,1,"2299.99","0.05","2184.99","2018-01-07","Winter","NY","Mount Vernon"
84,"Sun Bicycles Lil Kitt'n - 2017",1334,2,"109.99","0.10","197.98","2018-01-07","Winter","NY","Mount Vernon"
160,"Trek Emonda SLR 6 - 2018",1334,2,"4499.99","0.07","8369.98","2018-01-07","Winter","NY","Mount Vernon"
13,"Electra Cruiser 1 (24-Inch) - 2016",1334,1,"269.99","0.05","256.49","2018-01-07","Winter","NY","Mount Vernon"
21,"Electra Cruiser 1 (24-Inch) - 2016",1336,2,"269.99","0.07","502.18","2018-01-09","Winter","CA","San Jose"
185,"Trek Conduit+ - 2018",1336,1,"2799.99","0.10","2519.99","2018-01-09","Winter","CA","San Jose"
207,"Trek Boone 7 Disc - 2018",1336,1,"3999.99","0.10","3599.99","2018-01-09","Winter","CA","San Jose"
29,"Trek X-Caliber 8 - 2017",1336,2,"999.99","0.20","1599.98","2018-01-09","Winter","CA","San Jose"
157,"Trek Domane SL Frameset Women's - 2018",1336,1,"6499.99","0.05","6174.99","2018-01-09","Winter","CA","San Jose"
153,"Trek Domane SL 7 Women's - 2018",1337,1,"4999.99","0.10","4499.99","2018-01-09","Winter","NY","Hollis"
169,"Trek Emonda SLR 8 - 2018",1338,2,"6499.99","0.07","12089.98","2018-01-10","Winter","NY","Baldwinsville"
175,"Trek Domane SLR Frameset - 2018",1339,1,"3199.99","0.07","2975.99","2018-01-11","Winter","CA","Los Angeles"
66,"Sun Bicycles Revolutions 24 - 2017",1341,2,"250.99","0.05","476.88","2018-01-12","Winter","NY","Bay Shore"
237,"Electra Relic 3i - 2018",1340,2,"849.99","0.05","1614.98","2018-01-12","Winter","CA","Anaheim"
92,"Haro Shredder 20 - 2017",1340,2,"209.99","0.20","335.98","2018-01-12","Winter","CA","Anaheim"
253,"Electra Townie Go! 8i Ladies' - 2018",1340,1,"2599.99","0.20","2079.99","2018-01-12","Winter","CA","Anaheim"
270,"Trek Precaliber 16 Boy's - 2018",1342,1,"209.99","0.05","199.49","2018-01-12","Winter","NY","Jamaica"
60,"Sun Bicycles ElectroLite - 2017",1342,1,"1559.99","0.05","1481.99","2018-01-12","Winter","NY","Jamaica"
234,"Electra Daydreamer 3i Ladies' - 2018",1341,2,"899.99","0.05","1709.98","2018-01-12","Winter","NY","Bay Shore"
56,"Trek Domane SLR 6 Disc - 2017",1341,2,"5499.99","0.20","8799.98","2018-01-12","Winter","NY","Bay Shore"
215,"Electra Queen of Hearts 3i - 2018",1341,2,"749.99","0.07","1394.98","2018-01-12","Winter","NY","Bay Shore"
3,"Surly Wednesday Frameset - 2016",1344,1,"999.99","0.07","929.99","2018-01-13","Winter","NY","Mount Vernon"
103,"Sun Bicycles Streamway 3 - 2017",1344,2,"551.99","0.20","883.18","2018-01-13","Winter","NY","Mount Vernon"
77,"Electra Glam Punk 3i Ladies' - 2017",1344,2,"799.99","0.07","1487.98","2018-01-13","Winter","NY","Mount Vernon"
206,"Trek Boone 5 Disc - 2018",1343,1,"3299.99","0.10","2969.99","2018-01-13","Winter","NY","Lindenhurst"
65,"Sun Bicycles Lil Bolt Type-R - 2017",1343,2,"346.99","0.20","555.18","2018-01-13","Winter","NY","Lindenhurst"
184,"Trek Domane SL 6 Disc - 2018",1343,2,"3499.99","0.20","5599.98","2018-01-13","Winter","NY","Lindenhurst"
99,"Electra Sugar Skulls 1 (20-inch) - Girl's - 2017",1343,1,"299.99","0.05","284.99","2018-01-13","Winter","NY","Lindenhurst"
244,"Electra Townie Original 21D Ladies' - 2018",1343,1,"559.99","0.05","531.99","2018-01-13","Winter","NY","Lindenhurst"
61,"Trek Powerfly 8 FS Plus - 2017",1344,1,"4999.99","0.07","4649.99","2018-01-13","Winter","NY","Mount Vernon"
2,"Ritchey Timberwolf Frameset - 2016",1345,2,"749.99","0.20","1199.98","2018-01-14","Winter","NY","Nanuet"
172,"Trek Domane ALR Disc Frameset - 2018",1345,2,"3199.99","0.05","6079.98","2018-01-14","Winter","NY","Nanuet"
150,"Trek Emonda SL 7 - 2018",1346,1,"4499.99","0.05","4274.99","2018-01-14","Winter","TX","Forney"
18,"Pure Cycles Western 3-Speed - Women's - 2015/2016",1346,2,"449.00","0.05","853.10","2018-01-14","Winter","TX","Forney"
249,"Electra White Water 3i - 2018",1346,1,"749.99","0.10","674.99","2018-01-14","Winter","TX","Forney"
263,"Strider Classic 12 Balance Bike - 2018",1346,2,"89.99","0.20","143.98","2018-01-14","Winter","TX","Forney"
134,"Trek Remedy 27.5 C Frameset - 2018",1346,2,"1499.99","0.05","2849.98","2018-01-14","Winter","TX","Forney"
40,"Trek Fuel EX 9.8 29 - 2017",1345,2,"4999.99","0.20","7999.98","2018-01-14","Winter","NY","Nanuet"
164,"Surly Straggler 650b - 2018",1345,2,"1549.00","0.20","2478.40","2018-01-14","Winter","NY","Nanuet"
184,"Trek Domane SL 6 Disc - 2018",1349,1,"3499.99","0.20","2799.99","2018-01-15","Winter","NY","Garden City"
13,"Electra Cruiser 1 (24-Inch) - 2016",1350,2,"269.99","0.20","431.98","2018-01-15","Winter","NY","Ossining"
159,"Trek Emonda ALR 6 - 2018",1350,1,"2299.99","0.05","2184.99","2018-01-15","Winter","NY","Ossining"
147,"Trek Domane ALR 5 Gravel - 2018",1348,1,"1799.99","0.07","1673.99","2018-01-15","Winter","CA","Santa Clara"
253,"Electra Townie Go! 8i Ladies' - 2018",1350,1,"2599.99","0.07","2417.99","2018-01-15","Winter","NY","Ossining"
250,"Electra Townie Go! 8i - 2017/2018",1350,1,"2599.99","0.07","2417.99","2018-01-15","Winter","NY","Ossining"
305,"Electra Townie Balloon 3i EQ - 2017/2018",1350,1,"749.99","0.10","674.99","2018-01-15","Winter","NY","Ossining"
43,"Trek Fuel EX 9.8 27.5 Plus - 2017",1347,2,"5299.99","0.07","9857.98","2018-01-15","Winter","CA","Palos Verdes Peninsula"
53,"Surly Ogre Frameset - 2017",1347,1,"749.99","0.05","712.49","2018-01-15","Winter","CA","Palos Verdes Peninsula"
168,"Surly Straggler - 2018",1349,2,"1549.00","0.20","2478.40","2018-01-15","Winter","NY","Garden City"
205,"Trek Super Commuter+ 8S - 2018",1349,2,"4999.99","0.07","9299.98","2018-01-15","Winter","NY","Garden City"
138,"Trek Fuel EX 5 Plus - 2018",1349,2,"2249.99","0.05","4274.98","2018-01-15","Winter","NY","Garden City"
203,"Trek Powerfly 7 FS - 2018",1348,1,"4999.99","0.05","4749.99","2018-01-15","Winter","CA","Santa Clara"
148,"Trek Domane SL 8 Disc - 2018",1348,1,"5499.99","0.05","5224.99","2018-01-15","Winter","CA","Santa Clara"
58,"Trek Madone 9.2 - 2017",1348,2,"4999.99","0.10","8999.98","2018-01-15","Winter","CA","Santa Clara"
297,"Electra Under-The-Sea 1 16"" - 2018",1351,2,"279.99","0.20","447.98","2018-01-16","Winter","NY","New York"
86,"Trek Girl's Kickster - 2017",1352,2,"149.99","0.20","239.98","2018-01-16","Winter","NY","Scarsdale"
136,"Trek Procaliber 6 - 2018",1352,1,"1799.99","0.20","1439.99","2018-01-16","Winter","NY","Scarsdale"
52,"Surly Steamroller - 2017",1352,2,"875.99","0.10","1576.78","2018-01-16","Winter","NY","Scarsdale"
282,"Electra Cyclosaurus 1 (16-inch) - Boy's - 2018",1352,2,"279.99","0.10","503.98","2018-01-16","Winter","NY","Scarsdale"
100,"Electra Townie 3i EQ (20-inch) - Boys' - 2017",1352,1,"489.99","0.05","465.49","2018-01-16","Winter","NY","Scarsdale"
133,"Trek Procaliber Frameset - 2018",1351,1,"1499.99","0.10","1349.99","2018-01-16","Winter","NY","New York"
107,"Sun Bicycles Cruz 7 - 2017",1353,2,"416.99","0.05","792.28","2018-01-17","Winter","NY","Whitestone"
233,"Electra Cruiser Lux Fat Tire 7D - 2018",1353,1,"639.99","0.07","595.19","2018-01-17","Winter","NY","Whitestone"
300,"Electra Townie Balloon 3i EQ Ladies' - 2018",1353,1,"799.99","0.20","639.99","2018-01-17","Winter","NY","Whitestone"
86,"Trek Girl's Kickster - 2017",1353,2,"149.99","0.05","284.98","2018-01-17","Winter","NY","Whitestone"
149,"Trek Domane SLR 8 Disc - 2018",1355,1,"7499.99","0.20","5999.99","2018-01-19","Winter","NY","Bethpage"
166,"Trek Domane AL 2 Women's - 2018",1354,2,"749.99","0.07","1394.98","2018-01-19","Winter","CA","Santa Cruz"
253,"Electra Townie Go! 8i Ladies' - 2018",1355,1,"2599.99","0.07","2417.99","2018-01-19","Winter","NY","Bethpage"
276,"Trek Precaliber 24 (7-Speed) - Boys - 2018",1356,2,"319.99","0.10","575.98","2018-01-19","Winter","NY","Valley Stream"
199,"Electra Townie Commute Go! Ladies' - 2018",1356,2,"2999.99","0.10","5399.98","2018-01-19","Winter","NY","Valley Stream"
192,"Electra Townie Go! 8i - 2017/2018",1356,1,"2599.99","0.05","2469.99","2018-01-19","Winter","NY","Valley Stream"
313,"Electra Townie Original 1 Ladies' - 2018",1355,2,"449.99","0.10","809.98","2018-01-19","Winter","NY","Bethpage"
297,"Electra Under-The-Sea 1 16"" - 2018",1355,1,"279.99","0.10","251.99","2018-01-19","Winter","NY","Bethpage"
130,"Trek Stache Carbon Frameset - 2018",1357,1,"919.99","0.20","735.99","2018-01-20","Winter","NY","Ballston Spa"
60,"Sun Bicycles ElectroLite - 2017",1357,1,"1559.99","0.20","1247.99","2018-01-20","Winter","NY","Ballston Spa"
145,"Trek Domane ALR 5 Disc - 2018",1357,2,"1799.99","0.20","2879.98","2018-01-20","Winter","NY","Ballston Spa"
282,"Electra Cyclosaurus 1 (16-inch) - Boy's - 2018",1359,1,"279.99","0.05","265.99","2018-01-21","Winter","TX","Forney"
82,"Electra Amsterdam Original 3i Ladies' - 2017",1359,1,"659.99","0.05","626.99","2018-01-21","Winter","TX","Forney"
257,"Electra Amsterdam Fashion 3i Ladies' - 2017/2018",1358,2,"899.99","0.20","1439.98","2018-01-21","Winter","CA","Atwater"
307,"Electra Townie Balloon 8D EQ - 2016/2017/2018",1361,2,"749.99","0.07","1394.98","2018-01-22","Winter","NY","Franklin Square"
153,"Trek Domane SL 7 Women's - 2018",1361,1,"4999.99","0.05","4749.99","2018-01-22","Winter","NY","Franklin Square"
31,"Surly Wednesday - 2017",1360,1,"1632.99","0.05","1551.34","2018-01-22","Winter","NY","Bronx"
163,"Surly Pack Rat - 2018",1361,2,"1349.00","0.20","2158.40","2018-01-22","Winter","NY","Franklin Square"
4,"Trek Fuel EX 8 29 - 2016",1362,2,"2899.99","0.20","4639.98","2018-01-23","Winter","NY","Middle Village"
204,"Trek Super Commuter+ 7 - 2018",1362,2,"3599.99","0.07","6695.98","2018-01-23","Winter","NY","Middle Village"
27,"Surly Big Dummy Frameset - 2017",1362,2,"999.99","0.20","1599.98","2018-01-23","Winter","NY","Middle Village"
66,"Sun Bicycles Revolutions 24 - 2017",1363,2,"250.99","0.10","451.78","2018-01-24","Winter","NY","South Ozone Park"
144,"Trek Domane ALR 4 Disc - 2018",1365,1,"1549.99","0.07","1441.49","2018-01-25","Winter","NY","Utica"
236,"Electra Morningstar 3i Ladies' - 2018",1365,1,"749.99","0.05","712.49","2018-01-25","Winter","NY","Utica"
58,"Trek Madone 9.2 - 2017",1365,1,"4999.99","0.07","4649.99","2018-01-25","Winter","NY","Utica"
110,"Sun Bicycles Drifter 7 - 2017",1364,1,"470.99","0.07","438.02","2018-01-25","Winter","NY","Howard Beach"
152,"Trek Domane SL 5 Disc Women's - 2018",1364,1,"2499.99","0.10","2249.99","2018-01-25","Winter","NY","Howard Beach"
155,"Trek Domane SLR 9 Disc - 2018",1364,2,"11999.99","0.10","21599.98","2018-01-25","Winter","NY","Howard Beach"
78,"Sun Bicycles Biscayne Tandem CB - 2017",1364,1,"647.99","0.07","602.63","2018-01-25","Winter","NY","Howard Beach"
128,"Surly ECR 27.5 - 2018",1366,2,"1899.00","0.20","3038.40","2018-01-26","Winter","NY","Staten Island"
115,"Trek Fuel EX 8 29 - 2018",1366,1,"3199.99","0.10","2879.99","2018-01-26","Winter","NY","Staten Island"
200,"Trek Powerfly 5 - 2018",1366,1,"3499.99","0.07","3254.99","2018-01-26","Winter","NY","Staten Island"
132,"Trek Procal AL Frameset - 2018",1367,1,"1499.99","0.10","1349.99","2018-01-27","Winter","CA","Canyon Country"
131,"Heller Bloodhound Trail - 2018",1367,2,"2599.00","0.20","4158.40","2018-01-27","Winter","CA","Canyon Country"
124,"Surly Krampus - 2018",1367,1,"1499.00","0.07","1394.07","2018-01-27","Winter","CA","Canyon Country"
24,"Electra Townie Original 21D - 2016",1367,2,"549.99","0.05","1044.98","2018-01-27","Winter","CA","Canyon Country"
66,"Sun Bicycles Revolutions 24 - 2017",1368,1,"250.99","0.10","225.89","2018-01-27","Winter","NY","Ossining"
113,"Trek Marlin 5 - 2018",1368,2,"489.99","0.07","911.38","2018-01-27","Winter","NY","Ossining"
186,"Trek CrossRip+ - 2018",1368,1,"4499.99","0.20","3599.99","2018-01-27","Winter","NY","Ossining"
208,"Trek Crockett 5 Disc - 2018",1370,2,"1799.99","0.20","2879.98","2018-01-28","Winter","NY","Monroe"
213,"Electra Cruiser 1 - 2016/2017/2018",1369,2,"269.99","0.05","512.98","2018-01-28","Winter","NY","Farmingdale"
7,"Trek Slash 8 27.5 - 2016",1370,1,"3999.99","0.07","3719.99","2018-01-28","Winter","NY","Monroe"
89,"Trek Precaliber 16 Boys - 2017",1370,2,"209.99","0.10","377.98","2018-01-28","Winter","NY","Monroe"
134,"Trek Remedy 27.5 C Frameset - 2018",1370,1,"1499.99","0.10","1349.99","2018-01-28","Winter","NY","Monroe"
307,"Electra Townie Balloon 8D EQ - 2016/2017/2018",1372,1,"749.99","0.07","697.49","2018-01-29","Winter","NY","Corona"
63,"Trek Boone Race Shop Limited - 2017",1373,1,"3499.99","0.10","3149.99","2018-01-29","Winter","TX","Garland"
8,"Trek Remedy 29 Carbon Frameset - 2016",1371,2,"1799.99","0.20","2879.98","2018-01-29","Winter","NY","West Hempstead"
223,"Electra Cruiser Lux 3i - 2018",1371,2,"529.99","0.07","985.78","2018-01-29","Winter","NY","West Hempstead"
283,"Electra Heartchya 1 (20-inch) - Girl's - 2018",1372,2,"319.99","0.20","511.98","2018-01-29","Winter","NY","Corona"
182,"Trek Domane SL 5 Disc - 2018",1375,1,"2499.99","0.20","1999.99","2018-01-30","Winter","TX","Longview"
147,"Trek Domane ALR 5 Gravel - 2018",1375,2,"1799.99","0.05","3419.98","2018-01-30","Winter","TX","Longview"
181,"Trek Domane SL 5 - 2018",1374,2,"2199.99","0.05","4179.98","2018-01-30","Winter","CA","San Carlos"
130,"Trek Stache Carbon Frameset - 2018",1374,2,"919.99","0.07","1711.18","2018-01-30","Winter","CA","San Carlos"
153,"Trek Domane SL 7 Women's - 2018",1377,2,"4999.99","0.05","9499.98","2018-02-01","Winter","NY","Howard Beach"
130,"Trek Stache Carbon Frameset - 2018",1377,1,"919.99","0.05","873.99","2018-02-01","Winter","NY","Howard Beach"
48,"Trek Emonda S 4 - 2017",1377,1,"1499.99","0.07","1394.99","2018-02-01","Winter","NY","Howard Beach"
188,"Trek XM700+ Lowstep - 2018",1377,2,"3499.99","0.07","6509.98","2018-02-01","Winter","NY","Howard Beach"
5,"Heller Shagamaw Frame - 2016",1376,1,"1320.99","0.07","1228.52","2018-02-01","Winter","CA","San Carlos"
96,"Electra Moto 3i (20-inch) - Boy's - 2017",1378,2,"349.99","0.07","650.98","2018-02-02","Winter","CA","Fullerton"
118,"Trek X-Caliber 8 - 2018",1379,1,"999.99","0.10","899.99","2018-02-02","Winter","NY","Ronkonkoma"
15,"Electra Moto 1 - 2016",1379,1,"529.99","0.10","476.99","2018-02-02","Winter","NY","Ronkonkoma"
263,"Strider Classic 12 Balance Bike - 2018",1379,2,"89.99","0.10","161.98","2018-02-02","Winter","NY","Ronkonkoma"
129,"Trek X-Caliber 7 - 2018",1378,2,"919.99","0.20","1471.98","2018-02-02","Winter","CA","Fullerton"
110,"Sun Bicycles Drifter 7 - 2017",1378,1,"470.99","0.07","438.02","2018-02-02","Winter","CA","Fullerton"
2,"Ritchey Timberwolf Frameset - 2016",1378,2,"749.99","0.20","1199.98","2018-02-02","Winter","CA","Fullerton"
142,"Trek Fuel EX 8 29 XT - 2018",1378,2,"3199.99","0.07","5951.98","2018-02-02","Winter","CA","Fullerton"
214,"Electra Tiger Shark 3i - 2018",1381,2,"899.99","0.10","1619.98","2018-02-05","Winter","NY","New City"
255,"Electra Townie Balloon 7i EQ Ladies' - 2017/2018",1380,2,"899.99","0.10","1619.98","2018-02-05","Winter","CA","San Diego"
229,"Electra Cruiser Lux 1 - 2016/2018",1380,2,"429.99","0.07","799.78","2018-02-05","Winter","CA","San Diego"
274,"Trek Precaliber 20 Boy's - 2018",1381,2,"229.99","0.20","367.98","2018-02-05","Winter","NY","New City"
81,"Electra Amsterdam Fashion 7i Ladies' - 2017",1382,2,"1099.99","0.05","2089.98","2018-02-06","Winter","NY","Woodside"
232,"Electra Cruiser Lux 7D Ladies' - 2018",1382,1,"479.99","0.20","383.99","2018-02-06","Winter","NY","Woodside"
238,"Electra Townie Balloon 8D EQ - 2016/2017/2018",1382,1,"749.99","0.20","599.99","2018-02-06","Winter","NY","Woodside"
135,"Trek X-Caliber Frameset - 2018",1382,1,"1499.99","0.07","1394.99","2018-02-06","Winter","NY","Woodside"
225,"Electra Delivery 3i - 2016/2017/2018",1382,1,"959.99","0.10","863.99","2018-02-06","Winter","NY","Woodside"
188,"Trek XM700+ Lowstep - 2018",1383,2,"3499.99","0.20","5599.98","2018-02-07","Winter","CA","Anaheim"
65,"Sun Bicycles Lil Bolt Type-R - 2017",1383,2,"346.99","0.05","659.28","2018-02-07","Winter","CA","Anaheim"
39,"Trek Stache 5 - 2017",1385,2,"1499.99","0.10","2699.98","2018-02-08","Winter","TX","Longview"
135,"Trek X-Caliber Frameset - 2018",1385,1,"1499.99","0.05","1424.99","2018-02-08","Winter","TX","Longview"
24,"Electra Townie Original 21D - 2016",1385,2,"549.99","0.05","1044.98","2018-02-08","Winter","TX","Longview"
145,"Trek Domane ALR 5 Disc - 2018",1385,1,"1799.99","0.07","1673.99","2018-02-08","Winter","TX","Longview"
97,"Electra Savannah 3i (20-inch) - Girl's - 2017",1384,1,"349.99","0.05","332.49","2018-02-08","Winter","NY","Spring Valley"
89,"Trek Precaliber 16 Boys - 2017",1384,1,"209.99","0.10","188.99","2018-02-08","Winter","NY","Spring Valley"
142,"Trek Fuel EX 8 29 XT - 2018",1384,2,"3199.99","0.10","5759.98","2018-02-08","Winter","NY","Spring Valley"
32,"Trek Farley Alloy Frameset - 2017",1384,1,"469.99","0.07","437.09","2018-02-08","Winter","NY","Spring Valley"
306,"Electra Townie Balloon 7i EQ Ladies' - 2017/2018",1386,1,"899.99","0.10","809.99","2018-02-09","Winter","CA","Canyon Country"
262,"Trek MT 201 - 2018",1386,1,"249.99","0.10","224.99","2018-02-09","Winter","CA","Canyon Country"
106,"Sun Bicycles Cruz 3 - 2017",1387,1,"449.99","0.10","404.99","2018-02-09","Winter","NY","Monsey"
251,"Electra Townie Commute Go! - 2018",1388,1,"2999.99","0.10","2699.99","2018-02-09","Winter","NY","Schenectady"
150,"Trek Emonda SL 7 - 2018",1386,1,"4499.99","0.07","4184.99","2018-02-09","Winter","CA","Canyon Country"
292,"Electra Sweet Ride 3i (20-inch) - Girls' - 2018",1386,1,"369.99","0.20","295.99","2018-02-09","Winter","CA","Canyon Country"
171,"Trek Domane SL 6 - 2018",1389,2,"3199.99","0.05","6079.98","2018-02-11","Winter","NY","Massapequa"
227,"Electra Cruiser 7D (24-Inch) Ladies' - 2016/2018",1389,1,"319.99","0.07","297.59","2018-02-11","Winter","NY","Massapequa"
85,"Haro Downtown 16 - 2017",1389,2,"329.99","0.10","593.98","2018-02-11","Winter","NY","Massapequa"
41,"Haro Shift R3 - 2017",1390,2,"1469.99","0.05","2792.98","2018-02-12","Winter","NY","Amityville"
27,"Surly Big Dummy Frameset - 2017",1390,2,"999.99","0.05","1899.98","2018-02-12","Winter","NY","Amityville"
306,"Electra Townie Balloon 7i EQ Ladies' - 2017/2018",1390,1,"899.99","0.10","809.99","2018-02-12","Winter","NY","Amityville"
104,"Sun Bicycles Streamway - 2017",1390,1,"481.99","0.05","457.89","2018-02-12","Winter","NY","Amityville"
147,"Trek Domane ALR 5 Gravel - 2018",1390,2,"1799.99","0.10","3239.98","2018-02-12","Winter","NY","Amityville"
277,"Trek Precaliber 24 21-speed Boy's - 2018",1391,1,"369.99","0.20","295.99","2018-02-13","Winter","NY","Rockville Centre"
87,"Trek Precaliber 12 Boys - 2017",1392,2,"189.99","0.20","303.98","2018-02-13","Winter","NY","Flushing"
240,"Electra Townie Commute 27D Ladies - 2018",1392,2,"899.99","0.05","1709.98","2018-02-13","Winter","NY","Flushing"
223,"Electra Cruiser Lux 3i - 2018",1391,2,"529.99","0.07","985.78","2018-02-13","Winter","NY","Rockville Centre"
295,"Electra Treasure 1 20"" - 2018",1391,2,"319.99","0.20","511.98","2018-02-13","Winter","NY","Rockville Centre"
268,"Trek Kickster - 2018",1393,2,"159.99","0.05","303.98","2018-02-14","Winter","NY","Newburgh"
92,"Haro Shredder 20 - 2017",1393,1,"209.99","0.07","195.29","2018-02-14","Winter","NY","Newburgh"
47,"Trek Remedy 9.8 - 2017",1393,2,"5299.99","0.05","10069.98","2018-02-14","Winter","NY","Newburgh"
165,"Trek 1120 - 2018",1394,2,"2499.99","0.05","4749.98","2018-02-14","Winter","TX","Sugar Land"
82,"Electra Amsterdam Original 3i Ladies' - 2017",1393,1,"659.99","0.07","613.79","2018-02-14","Winter","NY","Newburgh"
226,"Electra Townie Original 21D EQ - 2017/2018",1395,1,"679.99","0.10","611.99","2018-02-15","Winter","CA","Sacramento"
78,"Sun Bicycles Biscayne Tandem CB - 2017",1397,2,"647.99","0.10","1166.38","2018-02-15","Winter","NY","North Tonawanda"
127,"Surly Pack Rat Frameset - 2018",1397,2,"469.99","0.10","845.98","2018-02-15","Winter","NY","North Tonawanda"
57,"Trek Emonda S 5 - 2017",1396,1,"1999.99","0.05","1899.99","2018-02-15","Winter","NY","Ronkonkoma"
181,"Trek Domane SL 5 - 2018",1396,1,"2199.99","0.20","1759.99","2018-02-15","Winter","NY","Ronkonkoma"
249,"Electra White Water 3i - 2018",1397,1,"749.99","0.05","712.49","2018-02-15","Winter","NY","North Tonawanda"
204,"Trek Super Commuter+ 7 - 2018",1395,1,"3599.99","0.20","2879.99","2018-02-15","Winter","CA","Sacramento"
7,"Trek Slash 8 27.5 - 2016",1397,1,"3999.99","0.05","3799.99","2018-02-15","Winter","NY","North Tonawanda"
139,"Trek Remedy 7 27.5 - 2018",1397,1,"2999.99","0.07","2789.99","2018-02-15","Winter","NY","North Tonawanda"
48,"Trek Emonda S 4 - 2017",1395,2,"1499.99","0.10","2699.98","2018-02-15","Winter","CA","Sacramento"
180,"Trek Domane AL 3 Women's - 2018",1395,2,"919.99","0.20","1471.98","2018-02-15","Winter","CA","Sacramento"
224,"Electra Cruiser Lux 7D - 2018",1399,1,"479.99","0.05","455.99","2018-02-16","Winter","NY","Saratoga Springs"
210,"Surly Straggler - 2018",1399,2,"1549.00","0.20","2478.40","2018-02-16","Winter","NY","Saratoga Springs"
127,"Surly Pack Rat Frameset - 2018",1399,2,"469.99","0.07","874.18","2018-02-16","Winter","NY","Saratoga Springs"
28,"Surly Karate Monkey 27.5+ Frameset - 2017",1399,1,"2499.99","0.05","2374.99","2018-02-16","Winter","NY","Saratoga Springs"
69,"Sun Bicycles Cruz 7 - 2017",1398,2,"416.99","0.05","792.28","2018-02-16","Winter","CA","Bakersfield"
53,"Surly Ogre Frameset - 2017",1398,1,"749.99","0.20","599.99","2018-02-16","Winter","CA","Bakersfield"
217,"Electra Straight 8 3i - 2018",1400,2,"909.99","0.20","1455.98","2018-02-17","Winter","NY","Staten Island"
275,"Trek Precaliber 20 Girl's - 2018",1400,1,"229.99","0.10","206.99","2018-02-17","Winter","NY","Staten Island"
24,"Electra Townie Original 21D - 2016",1400,2,"549.99","0.20","879.98","2018-02-17","Winter","NY","Staten Island"
90,"Trek Precaliber 16 Girls - 2017",1400,1,"209.99","0.07","195.29","2018-02-17","Winter","NY","Staten Island"
112,"Trek 820 - 2018",1401,1,"379.99","0.07","353.39","2018-02-18","Winter","NY","Plattsburgh"
230,"Electra Cruiser Lux 1 Ladies' - 2018",1401,1,"429.99","0.05","408.49","2018-02-18","Winter","NY","Plattsburgh"
254,"Electra Townie Balloon 3i EQ - 2017/2018",1401,2,"749.99","0.20","1199.98","2018-02-18","Winter","NY","Plattsburgh"
28,"Surly Karate Monkey 27.5+ Frameset - 2017",1402,2,"2499.99","0.05","4749.98","2018-02-19","Winter","NY","Rome"
203,"Trek Powerfly 7 FS - 2018",1402,1,"4999.99","0.05","4749.99","2018-02-19","Winter","NY","Rome"
273,"Trek Precaliber 20 6-speed Girl's - 2018",1402,1,"289.99","0.07","269.69","2018-02-19","Winter","NY","Rome"
189,"Trek Lift+ Lowstep - 2018",1402,2,"2799.99","0.20","4479.98","2018-02-19","Winter","NY","Rome"
93,"Haro Shredder 20 Girls - 2017",1403,2,"209.99","0.10","377.98","2018-02-21","Winter","NY","Hicksville"
220,"Electra Cruiser 1 Ladies' - 2018",1404,1,"269.99","0.10","242.99","2018-02-23","Winter","CA","Duarte"
193,"Trek Lift+ - 2018",1404,2,"2799.99","0.20","4479.98","2018-02-23","Winter","CA","Duarte"
112,"Trek 820 - 2018",1404,2,"379.99","0.05","721.98","2018-02-23","Winter","CA","Duarte"
113,"Trek Marlin 5 - 2018",1406,1,"489.99","0.10","440.99","2018-02-25","Winter","NY","Mahopac"
230,"Electra Cruiser Lux 1 Ladies' - 2018",1406,2,"429.99","0.05","816.98","2018-02-25","Winter","NY","Mahopac"
162,"Trek Emonda SL 6 Disc - 2018",1405,2,"2999.99","0.10","5399.98","2018-02-25","Winter","NY","Commack"
300,"Electra Townie Balloon 3i EQ Ladies' - 2018",1407,1,"799.99","0.05","759.99","2018-02-26","Winter","NY","Canandaigua"
36,"Surly Troll Frameset - 2017",1407,2,"832.99","0.10","1499.38","2018-02-26","Winter","NY","Canandaigua"
266,"Trek Superfly 20 - 2018",1407,1,"399.99","0.10","359.99","2018-02-26","Winter","NY","Canandaigua"
35,"Sun Bicycles Spider 3i - 2017",1407,1,"832.99","0.20","666.39","2018-02-26","Winter","NY","Canandaigua"
301,"Electra Townie Balloon 7i EQ - 2018",1409,2,"899.99","0.07","1673.98","2018-02-26","Winter","TX","Victoria"
170,"Trek CrossRip 2 - 2018",1409,1,"1299.99","0.07","1208.99","2018-02-26","Winter","TX","Victoria"
171,"Trek Domane SL 6 - 2018",1409,2,"3199.99","0.05","6079.98","2018-02-26","Winter","TX","Victoria"
265,"Strider Strider 20 Sport - 2018",1409,1,"289.99","0.05","275.49","2018-02-26","Winter","TX","Victoria"
222,"Electra Cruiser 1 Tall - 2016/2018",1409,1,"269.99","0.10","242.99","2018-02-26","Winter","TX","Victoria"
137,"Heller Shagamaw GX1 - 2018",1408,2,"2599.00","0.20","4158.40","2018-02-26","Winter","NY","Pittsford"
114,"Trek Marlin 6 - 2018",1408,1,"579.99","0.07","539.39","2018-02-26","Winter","NY","Pittsford"
166,"Trek Domane AL 2 Women's - 2018",1408,1,"749.99","0.20","599.99","2018-02-26","Winter","NY","Pittsford"
23,"Electra Girl's Hawaii 1 (20-inch) - 2015/2016",1408,2,"299.99","0.20","479.98","2018-02-26","Winter","NY","Pittsford"
304,"Electra Townie Original 21D EQ - 2017/2018",1410,1,"679.99","0.10","611.99","2018-02-27","Winter","NY","Astoria"
205,"Trek Super Commuter+ 8S - 2018",1410,2,"4999.99","0.10","8999.98","2018-02-27","Winter","NY","Astoria"
203,"Trek Powerfly 7 FS - 2018",1410,2,"4999.99","0.20","7999.98","2018-02-27","Winter","NY","Astoria"
9,"Trek Conduit+ - 2016",1411,1,"2999.99","0.10","2699.99","2018-03-01","Spring","CA","San Jose"
180,"Trek Domane AL 3 Women's - 2018",1412,2,"919.99","0.07","1711.18","2018-03-01","Spring","NY","Fresh Meadows"
43,"Trek Fuel EX 9.8 27.5 Plus - 2017",1412,1,"5299.99","0.10","4769.99","2018-03-01","Spring","NY","Fresh Meadows"
109,"Sun Bicycles Cruz 7 - Women's - 2017",1412,2,"416.99","0.07","775.60","2018-03-01","Spring","NY","Fresh Meadows"
297,"Electra Under-The-Sea 1 16"" - 2018",1413,2,"279.99","0.05","531.98","2018-03-01","Spring","TX","Houston"
308,"Electra Townie Balloon 8D EQ Ladies' - 2016/2017/2018",1411,2,"749.99","0.20","1199.98","2018-03-01","Spring","CA","San Jose"
292,"Electra Sweet Ride 3i (20-inch) - Girls' - 2018",1414,2,"369.99","0.05","702.98","2018-03-03","Spring","NY","Plainview"
92,"Haro Shredder 20 - 2017",1416,2,"209.99","0.05","398.98","2018-03-03","Spring","TX","Lake Jackson"
242,"Electra Townie Commute 8D Ladies' - 2018",1416,2,"699.99","0.10","1259.98","2018-03-03","Spring","TX","Lake Jackson"
162,"Trek Emonda SL 6 Disc - 2018",1414,2,"2999.99","0.10","5399.98","2018-03-03","Spring","NY","Plainview"
245,"Electra Townie Original 3i EQ - 2017/2018",1415,1,"659.99","0.05","626.99","2018-03-03","Spring","NY","Glen Cove"
264,"Strider Sport 16 - 2018",1415,2,"249.99","0.10","449.98","2018-03-03","Spring","NY","Glen Cove"
17,"Pure Cycles Vine 8-Speed - 2016",1415,1,"429.00","0.05","407.55","2018-03-03","Spring","NY","Glen Cove"
31,"Surly Wednesday - 2017",1415,2,"1632.99","0.07","3037.36","2018-03-03","Spring","NY","Glen Cove"
194,"Trek XM700+ - 2018",1416,1,"3499.99","0.20","2799.99","2018-03-03","Spring","TX","Lake Jackson"
120,"Trek Fuel EX 7 29 - 2018",1418,2,"2499.99","0.20","3999.98","2018-03-04","Spring","NY","Ithaca"
128,"Surly ECR 27.5 - 2018",1420,1,"1899.00","0.10","1709.10","2018-03-04","Spring","NY","Howard Beach"
194,"Trek XM700+ - 2018",1420,2,"3499.99","0.10","6299.98","2018-03-04","Spring","NY","Howard Beach"
243,"Electra Townie Original 21D EQ Ladies' - 2018",1418,2,"679.99","0.05","1291.98","2018-03-04","Spring","NY","Ithaca"
234,"Electra Daydreamer 3i Ladies' - 2018",1419,1,"899.99","0.10","809.99","2018-03-04","Spring","NY","Webster"
197,"Trek Verve+ Lowstep - 2018",1420,1,"2299.99","0.20","1839.99","2018-03-04","Spring","NY","Howard Beach"
124,"Surly Krampus - 2018",1419,1,"1499.00","0.07","1394.07","2018-03-04","Spring","NY","Webster"
235,"Electra Koa 3i Ladies' - 2018",1419,2,"899.99","0.20","1439.98","2018-03-04","Spring","NY","Webster"
219,"Electra Moto 3i - 2018",1417,2,"639.99","0.20","1023.98","2018-03-04","Spring","CA","Mountain View"
180,"Trek Domane AL 3 Women's - 2018",1422,2,"919.99","0.20","1471.98","2018-03-05","Spring","TX","Amarillo"
298,"Electra Water Lily 1 (16-inch) - Girl's - 2018",1421,2,"279.99","0.05","531.98","2018-03-05","Spring","NY","Queensbury"
243,"Electra Townie Original 21D EQ Ladies' - 2018",1422,1,"679.99","0.05","645.99","2018-03-05","Spring","TX","Amarillo"
80,"Sun Bicycles Brickell Tandem CB - 2017",1422,2,"761.99","0.07","1417.30","2018-03-05","Spring","TX","Amarillo"
249,"Electra White Water 3i - 2018",1423,1,"749.99","0.20","599.99","2018-03-06","Spring","CA","Campbell"
71,"Sun Bicycles Atlas X-Type - 2017",1423,1,"416.99","0.10","375.29","2018-03-06","Spring","CA","Campbell"
302,"Electra Townie Original 1 - 2018",1423,1,"449.99","0.20","359.99","2018-03-06","Spring","CA","Campbell"
113,"Trek Marlin 5 - 2018",1423,2,"489.99","0.20","783.98","2018-03-06","Spring","CA","Campbell"
281,"Electra Cruiser 7D (24-Inch) Ladies' - 2016/2018",1426,1,"319.99","0.07","297.59","2018-03-07","Spring","NY","Rochester"
230,"Electra Cruiser Lux 1 Ladies' - 2018",1427,2,"429.99","0.07","799.78","2018-03-07","Spring","NY","Ballston Spa"
139,"Trek Remedy 7 27.5 - 2018",1427,1,"2999.99","0.05","2849.99","2018-03-07","Spring","NY","Ballston Spa"
164,"Surly Straggler 650b - 2018",1427,2,"1549.00","0.07","2881.14","2018-03-07","Spring","NY","Ballston Spa"
93,"Haro Shredder 20 Girls - 2017",1425,1,"209.99","0.07","195.29","2018-03-07","Spring","NY","Newburgh"
140,"Trek Remedy 9.8 27.5 - 2018",1424,2,"4999.99","0.20","7999.98","2018-03-07","Spring","CA","San Lorenzo"
20,"Electra Townie Original 7D EQ - Women's - 2016",1426,2,"599.99","0.05","1139.98","2018-03-07","Spring","NY","Rochester"
215,"Electra Queen of Hearts 3i - 2018",1426,1,"749.99","0.07","697.49","2018-03-07","Spring","NY","Rochester"
54,"Trek Domane SL Disc Frameset - 2017",1425,2,"3199.99","0.05","6079.98","2018-03-07","Spring","NY","Newburgh"
145,"Trek Domane ALR 5 Disc - 2018",1425,2,"1799.99","0.07","3347.98","2018-03-07","Spring","NY","Newburgh"
227,"Electra Cruiser 7D (24-Inch) Ladies' - 2016/2018",1425,2,"319.99","0.05","607.98","2018-03-07","Spring","NY","Newburgh"
263,"Strider Classic 12 Balance Bike - 2018",1425,1,"89.99","0.07","83.69","2018-03-07","Spring","NY","Newburgh"
28,"Surly Karate Monkey 27.5+ Frameset - 2017",1428,1,"2499.99","0.10","2249.99","2018-03-08","Spring","NY","Franklin Square"
187,"Trek Neko+ - 2018",1428,2,"2799.99","0.07","5207.98","2018-03-08","Spring","NY","Franklin Square"
126,"Surly Big Fat Dummy Frameset - 2018",1428,1,"469.99","0.07","437.09","2018-03-08","Spring","NY","Franklin Square"
216,"Electra Super Moto 8i - 2018",1428,2,"899.99","0.20","1439.98","2018-03-08","Spring","NY","Franklin Square"
194,"Trek XM700+ - 2018",1428,2,"3499.99","0.20","5599.98","2018-03-08","Spring","NY","Franklin Square"
70,"Electra Amsterdam Original 3i - 2015/2017",1429,2,"659.99","0.20","1055.98","2018-03-08","Spring","NY","Astoria"
281,"Electra Cruiser 7D (24-Inch) Ladies' - 2016/2018",1430,1,"319.99","0.07","297.59","2018-03-10","Spring","NY","Lindenhurst"
221,"Electra Cruiser 7D Ladies' - 2016/2018",1430,1,"319.99","0.05","303.99","2018-03-10","Spring","NY","Lindenhurst"
252,"Electra Townie Commute Go! Ladies' - 2018",1431,1,"2999.99","0.20","2399.99","2018-03-11","Spring","NY","Webster"
254,"Electra Townie Balloon 3i EQ - 2017/2018",1431,1,"749.99","0.07","697.49","2018-03-11","Spring","NY","Webster"
264,"Strider Sport 16 - 2018",1433,1,"249.99","0.07","232.49","2018-03-11","Spring","NY","Pittsford"
161,"Surly ECR - 2018",1432,1,"1899.00","0.20","1519.20","2018-03-11","Spring","NY","Lindenhurst"
207,"Trek Boone 7 Disc - 2018",1431,1,"3999.99","0.10","3599.99","2018-03-11","Spring","NY","Webster"
53,"Surly Ogre Frameset - 2017",1431,1,"749.99","0.07","697.49","2018-03-11","Spring","NY","Webster"
229,"Electra Cruiser Lux 1 - 2016/2018",1434,2,"429.99","0.20","687.98","2018-03-14","Spring","NY","Ithaca"
286,"Electra Starship 1 16"" - 2018",1434,2,"279.99","0.10","503.98","2018-03-14","Spring","NY","Ithaca"
61,"Trek Powerfly 8 FS Plus - 2017",1434,2,"4999.99","0.07","9299.98","2018-03-14","Spring","NY","Ithaca"
244,"Electra Townie Original 21D Ladies' - 2018",1436,2,"559.99","0.07","1041.58","2018-03-14","Spring","NY","Rosedale"
260,"Electra Townie Balloon 3i EQ Ladies' - 2018",1435,1,"799.99","0.07","743.99","2018-03-14","Spring","NY","Mount Vernon"
141,"Trek Stache 5 - 2018",1435,2,"1599.99","0.07","2975.98","2018-03-14","Spring","NY","Mount Vernon"
29,"Trek X-Caliber 8 - 2017",1435,1,"999.99","0.20","799.99","2018-03-14","Spring","NY","Mount Vernon"
60,"Sun Bicycles ElectroLite - 2017",1435,1,"1559.99","0.10","1403.99","2018-03-14","Spring","NY","Mount Vernon"
198,"Electra Townie Commute Go! - 2018",1434,1,"2999.99","0.10","2699.99","2018-03-14","Spring","NY","Ithaca"
67,"Sun Bicycles Revolutions 24 - Girl's - 2017",1440,2,"250.99","0.20","401.58","2018-03-15","Spring","TX","Sugar Land"
46,"Haro SR 1.3 - 2017",1441,1,"1409.99","0.07","1311.29","2018-03-15","Spring","TX","San Angelo"
242,"Electra Townie Commute 8D Ladies' - 2018",1441,2,"699.99","0.20","1119.98","2018-03-15","Spring","TX","San Angelo"
6,"Surly Ice Cream Truck Frameset - 2016",1441,1,"469.99","0.05","446.49","2018-03-15","Spring","TX","San Angelo"
225,"Electra Delivery 3i - 2016/2017/2018",1438,1,"959.99","0.20","767.99","2018-03-15","Spring","NY","Oceanside"
140,"Trek Remedy 9.8 27.5 - 2018",1438,1,"4999.99","0.20","3999.99","2018-03-15","Spring","NY","Oceanside"
178,"Trek Domane AL 2 - 2018",1440,2,"749.99","0.05","1424.98","2018-03-15","Spring","TX","Sugar Land"
186,"Trek CrossRip+ - 2018",1440,1,"4499.99","0.10","4049.99","2018-03-15","Spring","TX","Sugar Land"
109,"Sun Bicycles Cruz 7 - Women's - 2017",1440,1,"416.99","0.07","387.80","2018-03-15","Spring","TX","Sugar Land"
116,"Trek Marlin 7 - 2017/2018",1440,2,"749.99","0.07","1394.98","2018-03-15","Spring","TX","Sugar Land"
81,"Electra Amsterdam Fashion 7i Ladies' - 2017",1438,2,"1099.99","0.05","2089.98","2018-03-15","Spring","NY","Oceanside"
137,"Heller Shagamaw GX1 - 2018",1438,1,"2599.00","0.10","2339.10","2018-03-15","Spring","NY","Oceanside"
190,"Trek Dual Sport+ - 2018",1438,2,"2799.99","0.07","5207.98","2018-03-15","Spring","NY","Oceanside"
42,"Trek Fuel EX 5 27.5 Plus - 2017",1439,1,"2299.99","0.07","2138.99","2018-03-15","Spring","NY","Plainview"
263,"Strider Classic 12 Balance Bike - 2018",1439,1,"89.99","0.20","71.99","2018-03-15","Spring","NY","Plainview"
102,"Electra Townie Original 7D - 2017",1439,2,"489.99","0.05","930.98","2018-03-15","Spring","NY","Plainview"
141,"Trek Stache 5 - 2018",1437,2,"1599.99","0.05","3039.98","2018-03-15","Spring","CA","Palos Verdes Peninsula"
149,"Trek Domane SLR 8 Disc - 2018",1439,1,"7499.99","0.05","7124.99","2018-03-15","Spring","NY","Plainview"
101,"Electra Townie 7D (20-inch) - Boys' - 2017",1443,2,"339.99","0.10","611.98","2018-03-16","Spring","NY","Long Beach"
271,"Trek Precaliber 16 Girl's - 2018",1442,2,"209.99","0.05","398.98","2018-03-16","Spring","NY","Freeport"
57,"Trek Emonda S 5 - 2017",1443,1,"1999.99","0.20","1599.99","2018-03-16","Spring","NY","Long Beach"
160,"Trek Emonda SLR 6 - 2018",1442,1,"4499.99","0.10","4049.99","2018-03-16","Spring","NY","Freeport"
160,"Trek Emonda SLR 6 - 2018",1443,1,"4499.99","0.07","4184.99","2018-03-16","Spring","NY","Long Beach"
90,"Trek Precaliber 16 Girls - 2017",1444,1,"209.99","0.10","188.99","2018-03-16","Spring","NY","Auburn"
128,"Surly ECR 27.5 - 2018",1444,2,"1899.00","0.20","3038.40","2018-03-16","Spring","NY","Auburn"
220,"Electra Cruiser 1 Ladies' - 2018",1442,1,"269.99","0.07","251.09","2018-03-16","Spring","NY","Freeport"
123,"Trek Farley Carbon Frameset - 2018",1445,2,"999.99","0.10","1799.98","2018-03-17","Spring","NY","Scarsdale"
52,"Surly Steamroller - 2017",1445,1,"875.99","0.07","814.67","2018-03-17","Spring","NY","Scarsdale"
219,"Electra Moto 3i - 2018",1445,2,"639.99","0.10","1151.98","2018-03-17","Spring","NY","Scarsdale"
234,"Electra Daydreamer 3i Ladies' - 2018",1446,2,"899.99","0.05","1709.98","2018-03-17","Spring","NY","Schenectady"
227,"Electra Cruiser 7D (24-Inch) Ladies' - 2016/2018",1446,1,"319.99","0.05","303.99","2018-03-17","Spring","NY","Schenectady"
233,"Electra Cruiser Lux Fat Tire 7D - 2018",1446,2,"639.99","0.05","1215.98","2018-03-17","Spring","NY","Schenectady"
252,"Electra Townie Commute Go! Ladies' - 2018",1449,2,"2999.99","0.05","5699.98","2018-03-18","Spring","NY","Woodside"
239,"Electra Townie Balloon 8D EQ Ladies' - 2016/2017/2018",1448,1,"749.99","0.10","674.99","2018-03-18","Spring","NY","Brentwood"
14,"Electra Girl's Hawaii 1 (16-inch) - 2015/2016",1449,2,"269.99","0.10","485.98","2018-03-18","Spring","NY","Woodside"
260,"Electra Townie Balloon 3i EQ Ladies' - 2018",1449,2,"799.99","0.07","1487.98","2018-03-18","Spring","NY","Woodside"
55,"Trek Domane S 6 - 2017",1449,1,"2699.99","0.20","2159.99","2018-03-18","Spring","NY","Woodside"
159,"Trek Emonda ALR 6 - 2018",1449,1,"2299.99","0.07","2138.99","2018-03-18","Spring","NY","Woodside"
148,"Trek Domane SL 8 Disc - 2018",1447,1,"5499.99","0.20","4399.99","2018-03-18","Spring","CA","Pleasanton"
235,"Electra Koa 3i Ladies' - 2018",1450,2,"899.99","0.05","1709.98","2018-03-19","Spring","NY","Uniondale"
299,"Electra Townie Original 21D - 2018",1450,1,"559.99","0.20","447.99","2018-03-19","Spring","NY","Uniondale"
173,"Trek Domane ALR Frameset - 2018",1450,2,"3199.99","0.10","5759.98","2018-03-19","Spring","NY","Uniondale"
117,"Trek Ticket S Frame - 2018",1451,1,"1469.99","0.05","1396.49","2018-03-19","Spring","NY","Howard Beach"
98,"Electra Straight 8 3i (20-inch) - Boy's - 2017",1450,1,"489.99","0.07","455.69","2018-03-19","Spring","NY","Uniondale"
209,"Trek Crockett 7 Disc - 2018",1450,2,"2999.99","0.10","5399.98","2018-03-19","Spring","NY","Uniondale"
246,"Electra Townie Original 3i EQ Ladies' - 2018",1456,1,"639.99","0.07","595.19","2018-03-20","Spring","NY","Valley Stream"
152,"Trek Domane SL 5 Disc Women's - 2018",1457,2,"2499.99","0.20","3999.98","2018-03-20","Spring","NY","Freeport"
111,"Sun Bicycles Drifter 7 - Women's - 2017",1457,1,"470.99","0.20","376.79","2018-03-20","Spring","NY","Freeport"
113,"Trek Marlin 5 - 2018",1457,1,"489.99","0.07","455.69","2018-03-20","Spring","NY","Freeport"
268,"Trek Kickster - 2018",1456,2,"159.99","0.10","287.98","2018-03-20","Spring","NY","Valley Stream"
272,"Trek Precaliber 20 6-speed Boy's - 2018",1456,1,"289.99","0.10","260.99","2018-03-20","Spring","NY","Valley Stream"
268,"Trek Kickster - 2018",1457,1,"159.99","0.20","127.99","2018-03-20","Spring","NY","Freeport"
193,"Trek Lift+ - 2018",1456,2,"2799.99","0.05","5319.98","2018-03-20","Spring","NY","Valley Stream"
89,"Trek Precaliber 16 Boys - 2017",1453,2,"209.99","0.10","377.98","2018-03-20","Spring","CA","Encino"
109,"Sun Bicycles Cruz 7 - Women's - 2017",1452,2,"416.99","0.07","775.60","2018-03-20","Spring","CA","Oxnard"
126,"Surly Big Fat Dummy Frameset - 2018",1456,1,"469.99","0.10","422.99","2018-03-20","Spring","NY","Valley Stream"
283,"Electra Heartchya 1 (20-inch) - Girl's - 2018",1454,1,"319.99","0.07","297.59","2018-03-20","Spring","NY","Liverpool"
78,"Sun Bicycles Biscayne Tandem CB - 2017",1458,2,"647.99","0.10","1166.38","2018-03-20","Spring","TX","Rowlett"
12,"Electra Townie Original 21D - 2016",1458,1,"549.99","0.05","522.49","2018-03-20","Spring","TX","Rowlett"
105,"Sun Bicycles Streamway 7 - 2017",1458,1,"533.99","0.05","507.29","2018-03-20","Spring","TX","Rowlett"
295,"Electra Treasure 1 20"" - 2018",1458,2,"319.99","0.05","607.98","2018-03-20","Spring","TX","Rowlett"
35,"Sun Bicycles Spider 3i - 2017",1454,2,"832.99","0.10","1499.38","2018-03-20","Spring","NY","Liverpool"
99,"Electra Sugar Skulls 1 (20-inch) - Girl's - 2017",1452,2,"299.99","0.10","539.98","2018-03-20","Spring","CA","Oxnard"
124,"Surly Krampus - 2018",1454,1,"1499.00","0.20","1199.20","2018-03-20","Spring","NY","Liverpool"
234,"Electra Daydreamer 3i Ladies' - 2018",1452,1,"899.99","0.20","719.99","2018-03-20","Spring","CA","Oxnard"
254,"Electra Townie Balloon 3i EQ - 2017/2018",1455,1,"749.99","0.20","599.99","2018-03-20","Spring","NY","Commack"
101,"Electra Townie 7D (20-inch) - Boys' - 2017",1455,2,"339.99","0.05","645.98","2018-03-20","Spring","NY","Commack"
86,"Trek Girl's Kickster - 2017",1452,2,"149.99","0.05","284.98","2018-03-20","Spring","CA","Oxnard"
38,"Haro Flightline Two 26 Plus - 2017",1454,2,"549.99","0.05","1044.98","2018-03-20","Spring","NY","Liverpool"
258,"Electra Amsterdam Royal 8i - 2017/2018",1459,1,"1259.90","0.10","1133.91","2018-03-21","Spring","NY","Port Washington"
123,"Trek Farley Carbon Frameset - 2018",1460,2,"999.99","0.07","1859.98","2018-03-21","Spring","NY","Mount Vernon"
7,"Trek Slash 8 27.5 - 2016",1460,2,"3999.99","0.07","7439.98","2018-03-21","Spring","NY","Mount Vernon"
167,"Surly ECR Frameset - 2018",1460,1,"749.99","0.05","712.49","2018-03-21","Spring","NY","Mount Vernon"
76,"Electra Girl's Hawaii 1 16"" - 2017",1460,1,"299.99","0.07","278.99","2018-03-21","Spring","NY","Mount Vernon"
201,"Trek Powerfly 5 FS - 2018",1460,1,"4499.99","0.05","4274.99","2018-03-21","Spring","NY","Mount Vernon"
242,"Electra Townie Commute 8D Ladies' - 2018",1461,2,"699.99","0.20","1119.98","2018-03-22","Spring","NY","Spring Valley"
48,"Trek Emonda S 4 - 2017",1461,1,"1499.99","0.20","1199.99","2018-03-22","Spring","NY","Spring Valley"
25,"Electra Townie Original 7D - 2015/2016",1462,1,"499.99","0.07","464.99","2018-03-22","Spring","NY","Depew"
223,"Electra Cruiser Lux 3i - 2018",1462,1,"529.99","0.10","476.99","2018-03-22","Spring","NY","Depew"
251,"Electra Townie Commute Go! - 2018",1462,1,"2999.99","0.05","2849.99","2018-03-22","Spring","NY","Depew"
263,"Strider Classic 12 Balance Bike - 2018",1462,1,"89.99","0.20","71.99","2018-03-22","Spring","NY","Depew"
294,"Electra Tiger Shark 3i (20-inch) - Boys' - 2018",1462,1,"369.99","0.10","332.99","2018-03-22","Spring","NY","Depew"
168,"Surly Straggler - 2018",1463,1,"1549.00","0.05","1471.55","2018-03-23","Spring","NY","Astoria"
51,"Trek Silque SLR 8 Women's - 2017",1463,2,"6499.99","0.05","12349.98","2018-03-23","Spring","NY","Astoria"
124,"Surly Krampus - 2018",1464,1,"1499.00","0.20","1199.20","2018-03-24","Spring","NY","Canandaigua"
151,"Trek Domane ALR 4 Disc Women's - 2018",1464,2,"1549.99","0.05","2944.98","2018-03-24","Spring","NY","Canandaigua"
109,"Sun Bicycles Cruz 7 - Women's - 2017",1464,2,"416.99","0.05","792.28","2018-03-24","Spring","NY","Canandaigua"
165,"Trek 1120 - 2018",1464,2,"2499.99","0.20","3999.98","2018-03-24","Spring","NY","Canandaigua"
70,"Electra Amsterdam Original 3i - 2015/2017",1465,2,"659.99","0.05","1253.98","2018-03-25","Spring","NY","Coram"
163,"Surly Pack Rat - 2018",1466,2,"1349.00","0.20","2158.40","2018-03-26","Spring","CA","Oxnard"
18,"Pure Cycles Western 3-Speed - Women's - 2015/2016",1467,1,"449.00","0.07","417.57","2018-03-26","Spring","NY","Plainview"
115,"Trek Fuel EX 8 29 - 2018",1467,1,"3199.99","0.20","2559.99","2018-03-26","Spring","NY","Plainview"
278,"Trek Precaliber 24 21-speed Girl's - 2018",1467,2,"369.99","0.10","665.98","2018-03-26","Spring","NY","Plainview"
39,"Trek Stache 5 - 2017",1466,2,"1499.99","0.05","2849.98","2018-03-26","Spring","CA","Oxnard"
310,"Electra Townie Commute 27D Ladies - 2018",1466,2,"899.99","0.07","1673.98","2018-03-26","Spring","CA","Oxnard"
251,"Electra Townie Commute Go! - 2018",1466,1,"2999.99","0.05","2849.99","2018-03-26","Spring","CA","Oxnard"
58,"Trek Madone 9.2 - 2017",1468,1,"4999.99","0.07","4649.99","2018-03-27","Spring","CA","Redondo Beach"
182,"Trek Domane SL 5 Disc - 2018",1469,1,"2499.99","0.07","2324.99","2018-03-27","Spring","TX","Garland"
77,"Electra Glam Punk 3i Ladies' - 2017",1469,2,"799.99","0.20","1279.98","2018-03-27","Spring","TX","Garland"
237,"Electra Relic 3i - 2018",1469,2,"849.99","0.05","1614.98","2018-03-27","Spring","TX","Garland"
269,"Trek Precaliber 12 Boy's - 2018",1468,1,"199.99","0.05","189.99","2018-03-27","Spring","CA","Redondo Beach"
50,"Trek Silque SLR 7 Women's - 2017",1468,2,"5999.99","0.07","11159.98","2018-03-27","Spring","CA","Redondo Beach"
100,"Electra Townie 3i EQ (20-inch) - Boys' - 2017",1469,2,"489.99","0.05","930.98","2018-03-27","Spring","TX","Garland"
59,"Trek Domane S 5 Disc - 2017",1471,2,"2599.99","0.20","4159.98","2018-03-28","Spring","NY","Schenectady"
110,"Sun Bicycles Drifter 7 - 2017",1470,2,"470.99","0.10","847.78","2018-03-28","Spring","NY","Jamaica"
287,"Electra Straight 8 1 (16-inch) - Boy's - 2018",1470,1,"279.99","0.05","265.99","2018-03-28","Spring","NY","Jamaica"
252,"Electra Townie Commute Go! Ladies' - 2018",1470,2,"2999.99","0.05","5699.98","2018-03-28","Spring","NY","Jamaica"
136,"Trek Procaliber 6 - 2018",1471,1,"1799.99","0.07","1673.99","2018-03-28","Spring","NY","Schenectady"
300,"Electra Townie Balloon 3i EQ Ladies' - 2018",1472,1,"799.99","0.20","639.99","2018-03-29","Spring","NY","Amityville"
84,"Sun Bicycles Lil Kitt'n - 2017",1472,1,"109.99","0.20","87.99","2018-03-29","Spring","NY","Amityville"
261,"Electra Townie Balloon 7i EQ - 2018",1475,2,"899.99","0.07","1673.98","2018-03-30","Spring","NY","West Hempstead"
301,"Electra Townie Balloon 7i EQ - 2018",1474,1,"899.99","0.20","719.99","2018-03-30","Spring","CA","Vista"
123,"Trek Farley Carbon Frameset - 2018",1474,1,"999.99","0.05","949.99","2018-03-30","Spring","CA","Vista"
102,"Electra Townie Original 7D - 2017",1473,1,"489.99","0.07","455.69","2018-03-30","Spring","CA","Apple Valley"
306,"Electra Townie Balloon 7i EQ Ladies' - 2017/2018",1475,2,"899.99","0.05","1709.98","2018-03-30","Spring","NY","West Hempstead"
248,"Electra Townie Original 7D EQ Ladies' - 2017/2018",1475,2,"599.99","0.20","959.98","2018-03-30","Spring","NY","West Hempstead"
84,"Sun Bicycles Lil Kitt'n - 2017",1473,2,"109.99","0.20","175.98","2018-03-30","Spring","CA","Apple Valley"
161,"Surly ECR - 2018",1475,2,"1899.00","0.05","3608.10","2018-03-30","Spring","NY","West Hempstead"
123,"Trek Farley Carbon Frameset - 2018",1478,1,"999.99","0.20","799.99","2018-03-31","Spring","NY","Elmhurst"
91,"Trek Precaliber 24 (21-Speed) - Girls - 2017",1476,2,"349.99","0.07","650.98","2018-03-31","Spring","NY","Baldwinsville"
210,"Surly Straggler - 2018",1477,2,"1549.00","0.20","2478.40","2018-03-31","Spring","NY","Farmingdale"
100,"Electra Townie 3i EQ (20-inch) - Boys' - 2017",1478,2,"489.99","0.10","881.98","2018-03-31","Spring","NY","Elmhurst"
43,"Trek Fuel EX 9.8 27.5 Plus - 2017",1476,1,"5299.99","0.07","4928.99","2018-03-31","Spring","NY","Baldwinsville"
191,"Electra Loft Go! 8i - 2018",1476,1,"2799.99","0.10","2519.99","2018-03-31","Spring","NY","Baldwinsville"
265,"Strider Strider 20 Sport - 2018",1476,2,"289.99","0.10","521.98","2018-03-31","Spring","NY","Baldwinsville"
142,"Trek Fuel EX 8 29 XT - 2018",1476,2,"3199.99","0.07","5951.98","2018-03-31","Spring","NY","Baldwinsville"
205,"Trek Super Commuter+ 8S - 2018",1482,2,"4999.99","0.05","9499.98","2018-04-01","Spring","NY","Baldwinsville"
53,"Surly Ogre Frameset - 2017",1481,2,"749.99","0.07","1394.98","2018-04-01","Spring","NY","East Elmhurst"
225,"Electra Delivery 3i - 2016/2017/2018",1480,2,"959.99","0.07","1785.58","2018-04-01","Spring","NY","Sunnyside"
92,"Haro Shredder 20 - 2017",1480,2,"209.99","0.07","390.58","2018-04-01","Spring","NY","Sunnyside"
82,"Electra Amsterdam Original 3i Ladies' - 2017",1480,2,"659.99","0.10","1187.98","2018-04-01","Spring","NY","Sunnyside"
308,"Electra Townie Balloon 8D EQ Ladies' - 2016/2017/2018",1480,2,"749.99","0.10","1349.98","2018-04-01","Spring","NY","Sunnyside"
48,"Trek Emonda S 4 - 2017",1482,1,"1499.99","0.10","1349.99","2018-04-01","Spring","NY","Baldwinsville"
113,"Trek Marlin 5 - 2018",1482,1,"489.99","0.05","465.49","2018-04-01","Spring","NY","Baldwinsville"
58,"Trek Madone 9.2 - 2017",1482,2,"4999.99","0.07","9299.98","2018-04-01","Spring","NY","Baldwinsville"
130,"Trek Stache Carbon Frameset - 2018",1481,1,"919.99","0.10","827.99","2018-04-01","Spring","NY","East Elmhurst"
40,"Trek Fuel EX 9.8 29 - 2017",1482,1,"4999.99","0.05","4749.99","2018-04-01","Spring","NY","Baldwinsville"
252,"Electra Townie Commute Go! Ladies' - 2018",1479,1,"2999.99","0.05","2849.99","2018-04-01","Spring","NY","Hollis"
256,"Electra Townie Commute 27D - 2018",1479,1,"899.99","0.10","809.99","2018-04-01","Spring","NY","Hollis"
276,"Trek Precaliber 24 (7-Speed) - Boys - 2018",1485,1,"319.99","0.20","255.99","2018-04-02","Spring","NY","Merrick"
295,"Electra Treasure 1 20"" - 2018",1484,2,"319.99","0.07","595.18","2018-04-02","Spring","NY","Baldwinsville"
113,"Trek Marlin 5 - 2018",1486,1,"489.99","0.10","440.99","2018-04-02","Spring","NY","Lindenhurst"
49,"Trek Domane SL 6 - 2017",1484,2,"3499.99","0.20","5599.98","2018-04-02","Spring","NY","Baldwinsville"
280,"Trek Superfly 24 - 2017/2018",1483,1,"489.99","0.05","465.49","2018-04-02","Spring","NY","Plattsburgh"
226,"Electra Townie Original 21D EQ - 2017/2018",1483,2,"679.99","0.07","1264.78","2018-04-02","Spring","NY","Plattsburgh"
304,"Electra Townie Original 21D EQ - 2017/2018",1484,2,"679.99","0.05","1291.98","2018-04-02","Spring","NY","Baldwinsville"
122,"Surly Troll Frameset - 2018",1485,2,"2499.99","0.20","3999.98","2018-04-02","Spring","NY","Merrick"
269,"Trek Precaliber 12 Boy's - 2018",1486,1,"199.99","0.10","179.99","2018-04-02","Spring","NY","Lindenhurst"
60,"Sun Bicycles ElectroLite - 2017",1486,2,"1559.99","0.05","2963.98","2018-04-02","Spring","NY","Lindenhurst"
98,"Electra Straight 8 3i (20-inch) - Boy's - 2017",1486,1,"489.99","0.05","465.49","2018-04-02","Spring","NY","Lindenhurst"
99,"Electra Sugar Skulls 1 (20-inch) - Girl's - 2017",1490,1,"299.99","0.10","269.99","2018-04-03","Spring","CA","Fresno"
42,"Trek Fuel EX 5 27.5 Plus - 2017",1488,1,"2299.99","0.07","2138.99","2018-04-03","Spring","CA","Redondo Beach"
122,"Surly Troll Frameset - 2018",1488,1,"2499.99","0.07","2324.99","2018-04-03","Spring","CA","Redondo Beach"
198,"Electra Townie Commute Go! - 2018",1489,1,"2999.99","0.20","2399.99","2018-04-03","Spring","CA","Santa Cruz"
282,"Electra Cyclosaurus 1 (16-inch) - Boy's - 2018",1489,2,"279.99","0.20","447.98","2018-04-03","Spring","CA","Santa Cruz"
52,"Surly Steamroller - 2017",1489,1,"875.99","0.10","788.39","2018-04-03","Spring","CA","Santa Cruz"
254,"Electra Townie Balloon 3i EQ - 2017/2018",1490,1,"749.99","0.10","674.99","2018-04-03","Spring","CA","Fresno"
218,"Electra Cruiser 7D - 2016/2017/2018",1490,1,"319.99","0.05","303.99","2018-04-03","Spring","CA","Fresno"
96,"Electra Moto 3i (20-inch) - Boy's - 2017",1487,2,"349.99","0.20","559.98","2018-04-03","Spring","CA","Palos Verdes Peninsula"
196,"Trek Verve+ - 2018",1487,1,"2299.99","0.05","2184.99","2018-04-03","Spring","CA","Palos Verdes Peninsula"
198,"Electra Townie Commute Go! - 2018",1487,1,"2999.99","0.05","2849.99","2018-04-03","Spring","CA","Palos Verdes Peninsula"
151,"Trek Domane ALR 4 Disc Women's - 2018",1487,2,"1549.99","0.20","2479.98","2018-04-03","Spring","CA","Palos Verdes Peninsula"
160,"Trek Emonda SLR 6 - 2018",1487,1,"4499.99","0.07","4184.99","2018-04-03","Spring","CA","Palos Verdes Peninsula"
37,"Haro Flightline One ST - 2017",1492,2,"379.99","0.10","683.98","2018-04-04","Spring","NY","Queensbury"
60,"Sun Bicycles ElectroLite - 2017",1491,2,"1559.99","0.07","2901.58","2018-04-04","Spring","CA","Coachella"
302,"Electra Townie Original 1 - 2018",1491,1,"449.99","0.05","427.49","2018-04-04","Spring","CA","Coachella"
95,"Electra Girl's Hawaii 1 16"" - 2017",1491,2,"299.99","0.20","479.98","2018-04-04","Spring","CA","Coachella"
230,"Electra Cruiser Lux 1 Ladies' - 2018",1493,1,"429.99","0.10","386.99","2018-04-04","Spring","TX","Desoto"
139,"Trek Remedy 7 27.5 - 2018",1491,2,"2999.99","0.07","5579.98","2018-04-04","Spring","CA","Coachella"
137,"Heller Shagamaw GX1 - 2018",1495,1,"2599.00","0.10","2339.10","2018-04-05","Spring","NY","Oswego"
292,"Electra Sweet Ride 3i (20-inch) - Girls' - 2018",1495,2,"369.99","0.05","702.98","2018-04-05","Spring","NY","Oswego"
178,"Trek Domane AL 2 - 2018",1494,2,"749.99","0.20","1199.98","2018-04-05","Spring","CA","Rocklin"
308,"Electra Townie Balloon 8D EQ Ladies' - 2016/2017/2018",1495,2,"749.99","0.20","1199.98","2018-04-05","Spring","NY","Oswego"
264,"Strider Sport 16 - 2018",1494,2,"249.99","0.05","474.98","2018-04-05","Spring","CA","Rocklin"
230,"Electra Cruiser Lux 1 Ladies' - 2018",1494,2,"429.99","0.10","773.98","2018-04-05","Spring","CA","Rocklin"
231,"Electra Cruiser Lux 3i Ladies' - 2018",1502,2,"529.99","0.20","847.98","2018-04-06","Spring","NY","Scarsdale"
26,"Electra Townie Original 7D EQ - 2016",1502,2,"599.99","0.07","1115.98","2018-04-06","Spring","NY","Scarsdale"
268,"Trek Kickster - 2018",1502,1,"159.99","0.20","127.99","2018-04-06","Spring","NY","Scarsdale"
15,"Electra Moto 1 - 2016",1501,1,"529.99","0.05","503.49","2018-04-06","Spring","NY","East Elmhurst"
67,"Sun Bicycles Revolutions 24 - Girl's - 2017",1501,1,"250.99","0.20","200.79","2018-04-06","Spring","NY","East Elmhurst"
210,"Surly Straggler - 2018",1501,1,"1549.00","0.05","1471.55","2018-04-06","Spring","NY","East Elmhurst"
225,"Electra Delivery 3i - 2016/2017/2018",1496,2,"959.99","0.20","1535.98","2018-04-06","Spring","CA","Redondo Beach"
260,"Electra Townie Balloon 3i EQ Ladies' - 2018",1498,2,"799.99","0.07","1487.98","2018-04-06","Spring","CA","San Lorenzo"
255,"Electra Townie Balloon 7i EQ Ladies' - 2017/2018",1502,1,"899.99","0.07","836.99","2018-04-06","Spring","NY","Scarsdale"
110,"Sun Bicycles Drifter 7 - 2017",1499,1,"470.99","0.05","447.44","2018-04-06","Spring","CA","Fresno"
208,"Trek Crockett 5 Disc - 2018",1499,1,"1799.99","0.07","1673.99","2018-04-06","Spring","CA","Fresno"
204,"Trek Super Commuter+ 7 - 2018",1497,2,"3599.99","0.07","6695.98","2018-04-06","Spring","CA","Oakland"
268,"Trek Kickster - 2018",1499,2,"159.99","0.05","303.98","2018-04-06","Spring","CA","Fresno"
293,"Electra Tiger Shark 1 (20-inch) - Boys' - 2018",1500,1,"319.99","0.07","297.59","2018-04-06","Spring","CA","Atwater"
41,"Haro Shift R3 - 2017",1500,2,"1469.99","0.07","2734.18","2018-04-06","Spring","CA","Atwater"
2,"Ritchey Timberwolf Frameset - 2016",1499,1,"749.99","0.05","712.49","2018-04-06","Spring","CA","Fresno"
171,"Trek Domane SL 6 - 2018",1499,2,"3199.99","0.10","5759.98","2018-04-06","Spring","CA","Fresno"
302,"Electra Townie Original 1 - 2018",1496,1,"449.99","0.05","427.49","2018-04-06","Spring","CA","Redondo Beach"
248,"Electra Townie Original 7D EQ Ladies' - 2017/2018",1501,1,"599.99","0.05","569.99","2018-04-06","Spring","NY","East Elmhurst"
219,"Electra Moto 3i - 2018",1501,1,"639.99","0.07","595.19","2018-04-06","Spring","NY","East Elmhurst"
198,"Electra Townie Commute Go! - 2018",1497,2,"2999.99","0.10","5399.98","2018-04-06","Spring","CA","Oakland"
141,"Trek Stache 5 - 2018",1497,2,"1599.99","0.20","2559.98","2018-04-06","Spring","CA","Oakland"
214,"Electra Tiger Shark 3i - 2018",1496,1,"899.99","0.07","836.99","2018-04-06","Spring","CA","Redondo Beach"
248,"Electra Townie Original 7D EQ Ladies' - 2017/2018",1496,1,"599.99","0.07","557.99","2018-04-06","Spring","CA","Redondo Beach"
19,"Pure Cycles William 3-Speed - 2016",1502,2,"449.00","0.07","835.14","2018-04-06","Spring","NY","Scarsdale"
224,"Electra Cruiser Lux 7D - 2018",1496,2,"479.99","0.05","911.98","2018-04-06","Spring","CA","Redondo Beach"
172,"Trek Domane ALR Disc Frameset - 2018",1498,1,"3199.99","0.05","3039.99","2018-04-06","Spring","CA","San Lorenzo"
302,"Electra Townie Original 1 - 2018",1503,2,"449.99","0.05","854.98","2018-04-07","Spring","CA","Ridgecrest"
217,"Electra Straight 8 3i - 2018",1503,1,"909.99","0.10","818.99","2018-04-07","Spring","CA","Ridgecrest"
24,"Electra Townie Original 21D - 2016",1505,2,"549.99","0.07","1022.98","2018-04-08","Spring","NY","East Northport"
259,"Electra Amsterdam Royal 8i Ladies - 2018",1507,1,"1199.99","0.07","1115.99","2018-04-08","Spring","NY","Huntington Station"
11,"Surly Straggler 650b - 2016",1507,2,"1680.99","0.10","3025.78","2018-04-08","Spring","NY","Huntington Station"
39,"Trek Stache 5 - 2017",1507,2,"1499.99","0.20","2399.98","2018-04-08","Spring","NY","Huntington Station"
276,"Trek Precaliber 24 (7-Speed) - Boys - 2018",1504,1,"319.99","0.07","297.59","2018-04-08","Spring","CA","Banning"
184,"Trek Domane SL 6 Disc - 2018",1506,1,"3499.99","0.05","3324.99","2018-04-08","Spring","NY","Amityville"
153,"Trek Domane SL 7 Women's - 2018",1506,2,"4999.99","0.20","7999.98","2018-04-08","Spring","NY","Amityville"
149,"Trek Domane SLR 8 Disc - 2018",1506,2,"7499.99","0.05","14249.98","2018-04-08","Spring","NY","Amityville"
293,"Electra Tiger Shark 1 (20-inch) - Boys' - 2018",1507,2,"319.99","0.05","607.98","2018-04-08","Spring","NY","Huntington Station"
88,"Trek Precaliber 12 Girls - 2017",1508,1,"189.99","0.05","180.49","2018-04-08","Spring","NY","Farmingdale"
52,"Surly Steamroller - 2017",1508,2,"875.99","0.05","1664.38","2018-04-08","Spring","NY","Farmingdale"
109,"Sun Bicycles Cruz 7 - Women's - 2017",1508,1,"416.99","0.10","375.29","2018-04-08","Spring","NY","Farmingdale"
37,"Haro Flightline One ST - 2017",1508,1,"379.99","0.20","303.99","2018-04-08","Spring","NY","Farmingdale"
43,"Trek Fuel EX 9.8 27.5 Plus - 2017",1505,2,"5299.99","0.05","10069.98","2018-04-08","Spring","NY","East Northport"
223,"Electra Cruiser Lux 3i - 2018",1505,2,"529.99","0.05","1006.98","2018-04-08","Spring","NY","East Northport"
281,"Electra Cruiser 7D (24-Inch) Ladies' - 2016/2018",1507,1,"319.99","0.07","297.59","2018-04-08","Spring","NY","Huntington Station"
124,"Surly Krampus - 2018",1511,2,"1499.00","0.20","2398.40","2018-04-09","Spring","NY","Mahopac"
215,"Electra Queen of Hearts 3i - 2018",1509,2,"749.99","0.07","1394.98","2018-04-09","Spring","CA","Campbell"
142,"Trek Fuel EX 8 29 XT - 2018",1510,2,"3199.99","0.05","6079.98","2018-04-09","Spring","NY","New York"
68,"Sun Bicycles Cruz 3 - 2017",1510,1,"449.99","0.10","404.99","2018-04-09","Spring","NY","New York"
251,"Electra Townie Commute Go! - 2018",1510,2,"2999.99","0.10","5399.98","2018-04-09","Spring","NY","New York"
137,"Heller Shagamaw GX1 - 2018",1510,1,"2599.00","0.05","2469.05","2018-04-09","Spring","NY","New York"
220,"Electra Cruiser 1 Ladies' - 2018",1510,2,"269.99","0.10","485.98","2018-04-09","Spring","NY","New York"
217,"Electra Straight 8 3i - 2018",1512,1,"909.99","0.07","846.29","2018-04-09","Spring","TX","Rowlett"
41,"Haro Shift R3 - 2017",1511,1,"1469.99","0.05","1396.49","2018-04-09","Spring","NY","Mahopac"
17,"Pure Cycles Vine 8-Speed - 2016",1511,2,"429.00","0.07","797.94","2018-04-09","Spring","NY","Mahopac"
288,"Electra Straight 8 1 (20-inch) - Boy's - 2018",1511,1,"389.99","0.07","362.69","2018-04-09","Spring","NY","Mahopac"
144,"Trek Domane ALR 4 Disc - 2018",1511,2,"1549.99","0.20","2479.98","2018-04-09","Spring","NY","Mahopac"
166,"Trek Domane AL 2 Women's - 2018",1513,1,"749.99","0.10","674.99","2018-04-10","Spring","CA","Fullerton"
202,"Trek Powerfly 5 Women's - 2018",1515,2,"3499.99","0.10","6299.98","2018-04-10","Spring","TX","San Angelo"
27,"Surly Big Dummy Frameset - 2017",1515,2,"999.99","0.20","1599.98","2018-04-10","Spring","TX","San Angelo"
158,"Trek CrossRip 1 - 2018",1515,2,"959.99","0.20","1535.98","2018-04-10","Spring","TX","San Angelo"
240,"Electra Townie Commute 27D Ladies - 2018",1514,2,"899.99","0.10","1619.98","2018-04-10","Spring","CA","Duarte"
310,"Electra Townie Commute 27D Ladies - 2018",1515,2,"899.99","0.05","1709.98","2018-04-10","Spring","TX","San Angelo"
40,"Trek Fuel EX 9.8 29 - 2017",1515,1,"4999.99","0.10","4499.99","2018-04-10","Spring","TX","San Angelo"
61,"Trek Powerfly 8 FS Plus - 2017",1513,2,"4999.99","0.05","9499.98","2018-04-10","Spring","CA","Fullerton"
159,"Trek Emonda ALR 6 - 2018",1513,2,"2299.99","0.05","4369.98","2018-04-10","Spring","CA","Fullerton"
203,"Trek Powerfly 7 FS - 2018",1514,2,"4999.99","0.05","9499.98","2018-04-10","Spring","CA","Duarte"
186,"Trek CrossRip+ - 2018",1520,1,"4499.99","0.05","4274.99","2018-04-11","Spring","TX","Garland"
188,"Trek XM700+ Lowstep - 2018",1520,2,"3499.99","0.20","5599.98","2018-04-11","Spring","TX","Garland"
310,"Electra Townie Commute 27D Ladies - 2018",1520,2,"899.99","0.07","1673.98","2018-04-11","Spring","TX","Garland"
303,"Electra Townie Go! 8i - 2017/2018",1517,2,"2599.99","0.07","4835.98","2018-04-11","Spring","CA","Yuba City"
226,"Electra Townie Original 21D EQ - 2017/2018",1517,2,"679.99","0.05","1291.98","2018-04-11","Spring","CA","Yuba City"
65,"Sun Bicycles Lil Bolt Type-R - 2017",1519,1,"346.99","0.20","277.59","2018-04-11","Spring","NY","Long Beach"
265,"Strider Strider 20 Sport - 2018",1519,2,"289.99","0.05","550.98","2018-04-11","Spring","NY","Long Beach"
271,"Trek Precaliber 16 Girl's - 2018",1516,2,"209.99","0.20","335.98","2018-04-11","Spring","CA","San Lorenzo"
196,"Trek Verve+ - 2018",1516,2,"2299.99","0.20","3679.98","2018-04-11","Spring","CA","San Lorenzo"
259,"Electra Amsterdam Royal 8i Ladies - 2018",1516,2,"1199.99","0.20","1919.98","2018-04-11","Spring","CA","San Lorenzo"
124,"Surly Krampus - 2018",1519,2,"1499.00","0.07","2788.14","2018-04-11","Spring","NY","Long Beach"
85,"Haro Downtown 16 - 2017",1519,2,"329.99","0.20","527.98","2018-04-11","Spring","NY","Long Beach"
150,"Trek Emonda SL 7 - 2018",1519,1,"4499.99","0.20","3599.99","2018-04-11","Spring","NY","Long Beach"
253,"Electra Townie Go! 8i Ladies' - 2018",1516,1,"2599.99","0.10","2339.99","2018-04-11","Spring","CA","San Lorenzo"
172,"Trek Domane ALR Disc Frameset - 2018",1516,2,"3199.99","0.10","5759.98","2018-04-11","Spring","CA","San Lorenzo"
304,"Electra Townie Original 21D EQ - 2017/2018",1518,2,"679.99","0.10","1223.98","2018-04-11","Spring","CA","Duarte"
182,"Trek Domane SL 5 Disc - 2018",1518,2,"2499.99","0.05","4749.98","2018-04-11","Spring","CA","Duarte"
263,"Strider Classic 12 Balance Bike - 2018",1520,2,"89.99","0.10","161.98","2018-04-11","Spring","TX","Garland"
252,"Electra Townie Commute Go! Ladies' - 2018",1518,2,"2999.99","0.05","5699.98","2018-04-11","Spring","CA","Duarte"
56,"Trek Domane SLR 6 Disc - 2017",1526,1,"5499.99","0.10","4949.99","2018-04-12","Spring","NY","Rockville Centre"
168,"Surly Straggler - 2018",1524,1,"1549.00","0.10","1394.10","2018-04-12","Spring","NY","Maspeth"
295,"Electra Treasure 1 20"" - 2018",1524,2,"319.99","0.20","511.98","2018-04-12","Spring","NY","Maspeth"
313,"Electra Townie Original 1 Ladies' - 2018",1524,1,"449.99","0.20","359.99","2018-04-12","Spring","NY","Maspeth"
252,"Electra Townie Commute Go! Ladies' - 2018",1524,2,"2999.99","0.20","4799.98","2018-04-12","Spring","NY","Maspeth"
156,"Trek Domane SL Frameset - 2018",1525,1,"6499.99","0.10","5849.99","2018-04-12","Spring","NY","Astoria"
163,"Surly Pack Rat - 2018",1525,2,"1349.00","0.07","2509.14","2018-04-12","Spring","NY","Astoria"
193,"Trek Lift+ - 2018",1525,1,"2799.99","0.07","2603.99","2018-04-12","Spring","NY","Astoria"
23,"Electra Girl's Hawaii 1 (20-inch) - 2015/2016",1529,1,"299.99","0.05","284.99","2018-04-12","Spring","TX","Sugar Land"
50,"Trek Silque SLR 7 Women's - 2017",1529,2,"5999.99","0.10","10799.98","2018-04-12","Spring","TX","Sugar Land"
100,"Electra Townie 3i EQ (20-inch) - Boys' - 2017",1521,1,"489.99","0.20","391.99","2018-04-12","Spring","CA","Glendora"
314,"Electra Townie Original 21D EQ Ladies' - 2018",1521,2,"679.99","0.20","1087.98","2018-04-12","Spring","CA","Glendora"
123,"Trek Farley Carbon Frameset - 2018",1521,1,"999.99","0.10","899.99","2018-04-12","Spring","CA","Glendora"
135,"Trek X-Caliber Frameset - 2018",1521,2,"1499.99","0.20","2399.98","2018-04-12","Spring","CA","Glendora"
229,"Electra Cruiser Lux 1 - 2016/2018",1528,2,"429.99","0.20","687.98","2018-04-12","Spring","TX","Sugar Land"
151,"Trek Domane ALR 4 Disc Women's - 2018",1526,1,"1549.99","0.07","1441.49","2018-04-12","Spring","NY","Rockville Centre"
238,"Electra Townie Balloon 8D EQ - 2016/2017/2018",1526,1,"749.99","0.10","674.99","2018-04-12","Spring","NY","Rockville Centre"
243,"Electra Townie Original 21D EQ Ladies' - 2018",1526,1,"679.99","0.05","645.99","2018-04-12","Spring","NY","Rockville Centre"
57,"Trek Emonda S 5 - 2017",1527,2,"1999.99","0.05","3799.98","2018-04-12","Spring","TX","Longview"
103,"Sun Bicycles Streamway 3 - 2017",1527,1,"551.99","0.05","524.39","2018-04-12","Spring","TX","Longview"
33,"Surly Wednesday Frameset - 2017",1527,1,"469.99","0.10","422.99","2018-04-12","Spring","TX","Longview"
117,"Trek Ticket S Frame - 2018",1522,1,"1469.99","0.07","1367.09","2018-04-12","Spring","CA","Palos Verdes Peninsula"
141,"Trek Stache 5 - 2018",1522,1,"1599.99","0.07","1487.99","2018-04-12","Spring","CA","Palos Verdes Peninsula"
95,"Electra Girl's Hawaii 1 16"" - 2017",1522,1,"299.99","0.10","269.99","2018-04-12","Spring","CA","Palos Verdes Peninsula"
311,"Electra Townie Commute 8D - 2018",1523,2,"749.99","0.20","1199.98","2018-04-12","Spring","NY","Jackson Heights"
274,"Trek Precaliber 20 Boy's - 2018",1533,2,"229.99","0.10","413.98","2018-04-13","Spring","NY","Ossining"
116,"Trek Marlin 7 - 2017/2018",1530,1,"749.99","0.10","674.99","2018-04-13","Spring","CA","Anaheim"
51,"Trek Silque SLR 8 Women's - 2017",1533,1,"6499.99","0.10","5849.99","2018-04-13","Spring","NY","Ossining"
209,"Trek Crockett 7 Disc - 2018",1532,2,"2999.99","0.07","5579.98","2018-04-13","Spring","NY","Buffalo"
213,"Electra Cruiser 1 - 2016/2017/2018",1530,2,"269.99","0.10","485.98","2018-04-13","Spring","CA","Anaheim"
128,"Surly ECR 27.5 - 2018",1531,1,"1899.00","0.10","1709.10","2018-04-13","Spring","CA","Santa Clara"
235,"Electra Koa 3i Ladies' - 2018",1533,2,"899.99","0.10","1619.98","2018-04-13","Spring","NY","Ossining"
96,"Electra Moto 3i (20-inch) - Boy's - 2017",1533,1,"349.99","0.10","314.99","2018-04-13","Spring","NY","Ossining"
78,"Sun Bicycles Biscayne Tandem CB - 2017",1533,1,"647.99","0.10","583.19","2018-04-13","Spring","NY","Ossining"
183,"Trek Domane SL 5 Women's - 2018",1536,1,"2199.99","0.20","1759.99","2018-04-14","Spring","NY","East Northport"
196,"Trek Verve+ - 2018",1536,2,"2299.99","0.20","3679.98","2018-04-14","Spring","NY","East Northport"
117,"Trek Ticket S Frame - 2018",1534,1,"1469.99","0.05","1396.49","2018-04-14","Spring","NY","Canandaigua"
269,"Trek Precaliber 12 Boy's - 2018",1534,2,"199.99","0.20","319.98","2018-04-14","Spring","NY","Canandaigua"
172,"Trek Domane ALR Disc Frameset - 2018",1534,2,"3199.99","0.20","5119.98","2018-04-14","Spring","NY","Canandaigua"
92,"Haro Shredder 20 - 2017",1535,1,"209.99","0.05","199.49","2018-04-14","Spring","NY","Orchard Park"
194,"Trek XM700+ - 2018",1534,1,"3499.99","0.10","3149.99","2018-04-14","Spring","NY","Canandaigua"
185,"Trek Conduit+ - 2018",1536,2,"2799.99","0.07","5207.98","2018-04-14","Spring","NY","East Northport"
75,"Electra Cruiser Lux Fat Tire 1 Ladies - 2017",1535,2,"599.99","0.05","1139.98","2018-04-14","Spring","NY","Orchard Park"
12,"Electra Townie Original 21D - 2016",1539,2,"549.99","0.05","1044.98","2018-04-15","Spring","TX","Euless"
306,"Electra Townie Balloon 7i EQ Ladies' - 2017/2018",1538,2,"899.99","0.05","1709.98","2018-04-15","Spring","NY","Baldwin"
117,"Trek Ticket S Frame - 2018",1538,1,"1469.99","0.07","1367.09","2018-04-15","Spring","NY","Baldwin"
46,"Haro SR 1.3 - 2017",1538,2,"1409.99","0.07","2622.58","2018-04-15","Spring","NY","Baldwin"
197,"Trek Verve+ Lowstep - 2018",1538,1,"2299.99","0.20","1839.99","2018-04-15","Spring","NY","Baldwin"
206,"Trek Boone 5 Disc - 2018",1538,1,"3299.99","0.07","3068.99","2018-04-15","Spring","NY","Baldwin"
237,"Electra Relic 3i - 2018",1537,2,"849.99","0.05","1614.98","2018-04-15","Spring","NY","Liverpool"
6,"Surly Ice Cream Truck Frameset - 2016",1539,2,"469.99","0.05","892.98","2018-04-15","Spring","TX","Euless"
79,"Sun Bicycles Boardwalk (24-inch Wheels) - 2017",1542,1,"402.99","0.20","322.39","2018-04-16","Spring","NY","Central Islip"
78,"Sun Bicycles Biscayne Tandem CB - 2017",1540,1,"647.99","0.20","518.39","2018-04-16","Spring","CA","Apple Valley"
297,"Electra Under-The-Sea 1 16"" - 2018",1542,1,"279.99","0.20","223.99","2018-04-16","Spring","NY","Central Islip"
37,"Haro Flightline One ST - 2017",1542,2,"379.99","0.10","683.98","2018-04-16","Spring","NY","Central Islip"
184,"Trek Domane SL 6 Disc - 2018",1542,2,"3499.99","0.20","5599.98","2018-04-16","Spring","NY","Central Islip"
122,"Surly Troll Frameset - 2018",1542,2,"2499.99","0.05","4749.98","2018-04-16","Spring","NY","Central Islip"
86,"Trek Girl's Kickster - 2017",1541,2,"149.99","0.05","284.98","2018-04-16","Spring","NY","Monroe"
17,"Pure Cycles Vine 8-Speed - 2016",1541,1,"429.00","0.10","386.10","2018-04-16","Spring","NY","Monroe"
142,"Trek Fuel EX 8 29 XT - 2018",1541,2,"3199.99","0.10","5759.98","2018-04-16","Spring","NY","Monroe"
248,"Electra Townie Original 7D EQ Ladies' - 2017/2018",1541,2,"599.99","0.07","1115.98","2018-04-16","Spring","NY","Monroe"
155,"Trek Domane SLR 9 Disc - 2018",1541,2,"11999.99","0.10","21599.98","2018-04-16","Spring","NY","Monroe"
136,"Trek Procaliber 6 - 2018",1543,1,"1799.99","0.20","1439.99","2018-04-16","Spring","NY","Port Jefferson Station"
97,"Electra Savannah 3i (20-inch) - Girl's - 2017",1543,2,"349.99","0.05","664.98","2018-04-16","Spring","NY","Port Jefferson Station"
158,"Trek CrossRip 1 - 2018",1543,2,"959.99","0.07","1785.58","2018-04-16","Spring","NY","Port Jefferson Station"
93,"Haro Shredder 20 Girls - 2017",1543,1,"209.99","0.20","167.99","2018-04-16","Spring","NY","Port Jefferson Station"
108,"Sun Bicycles Cruz 3 - Women's - 2017",1543,2,"449.99","0.10","809.98","2018-04-16","Spring","NY","Port Jefferson Station"
71,"Sun Bicycles Atlas X-Type - 2017",1540,2,"416.99","0.05","792.28","2018-04-16","Spring","CA","Apple Valley"
236,"Electra Morningstar 3i Ladies' - 2018",1540,1,"749.99","0.07","697.49","2018-04-16","Spring","CA","Apple Valley"
224,"Electra Cruiser Lux 7D - 2018",1540,1,"479.99","0.05","455.99","2018-04-16","Spring","CA","Apple Valley"
177,"Trek Domane SLR 6 Disc - 2018",1540,2,"5499.99","0.05","10449.98","2018-04-16","Spring","CA","Apple Valley"
119,"Trek Kids' Neko - 2018",1549,1,"469.99","0.05","446.49","2018-04-17","Spring","NY","Scarsdale"
207,"Trek Boone 7 Disc - 2018",1551,2,"3999.99","0.20","6399.98","2018-04-17","Spring","NY","East Elmhurst"
156,"Trek Domane SL Frameset - 2018",1546,1,"6499.99","0.10","5849.99","2018-04-17","Spring","CA","San Diego"
249,"Electra White Water 3i - 2018",1549,2,"749.99","0.05","1424.98","2018-04-17","Spring","NY","Scarsdale"
202,"Trek Powerfly 5 Women's - 2018",1548,1,"3499.99","0.07","3254.99","2018-04-17","Spring","CA","Oxnard"
62,"Trek Boone 7 - 2017",1548,2,"3499.99","0.20","5599.98","2018-04-17","Spring","CA","Oxnard"
148,"Trek Domane SL 8 Disc - 2018",1550,1,"5499.99","0.07","5114.99","2018-04-17","Spring","NY","Lancaster"
185,"Trek Conduit+ - 2018",1550,2,"2799.99","0.10","5039.98","2018-04-17","Spring","NY","Lancaster"
41,"Haro Shift R3 - 2017",1552,2,"1469.99","0.05","2792.98","2018-04-17","Spring","NY","Liverpool"
197,"Trek Verve+ Lowstep - 2018",1552,1,"2299.99","0.10","2069.99","2018-04-17","Spring","NY","Liverpool"
245,"Electra Townie Original 3i EQ - 2017/2018",1550,1,"659.99","0.07","613.79","2018-04-17","Spring","NY","Lancaster"
25,"Electra Townie Original 7D - 2015/2016",1546,1,"499.99","0.05","474.99","2018-04-17","Spring","CA","San Diego"
215,"Electra Queen of Hearts 3i - 2018",1546,1,"749.99","0.10","674.99","2018-04-17","Spring","CA","San Diego"
107,"Sun Bicycles Cruz 7 - 2017",1544,2,"416.99","0.20","667.18","2018-04-17","Spring","CA","Sacramento"
194,"Trek XM700+ - 2018",1544,2,"3499.99","0.10","6299.98","2018-04-17","Spring","CA","Sacramento"
32,"Trek Farley Alloy Frameset - 2017",1548,1,"469.99","0.10","422.99","2018-04-17","Spring","CA","Oxnard"
45,"Haro SR 1.2 - 2017",1545,1,"869.99","0.10","782.99","2018-04-17","Spring","CA","Sacramento"
204,"Trek Super Commuter+ 7 - 2018",1547,1,"3599.99","0.20","2879.99","2018-04-17","Spring","CA","Palos Verdes Peninsula"
106,"Sun Bicycles Cruz 3 - 2017",1547,2,"449.99","0.20","719.98","2018-04-17","Spring","CA","Palos Verdes Peninsula"
86,"Trek Girl's Kickster - 2017",1550,2,"149.99","0.05","284.98","2018-04-17","Spring","NY","Lancaster"
315,"Electra Townie Original 21D Ladies' - 2018",1550,2,"559.99","0.05","1063.98","2018-04-17","Spring","NY","Lancaster"
185,"Trek Conduit+ - 2018",1546,2,"2799.99","0.10","5039.98","2018-04-17","Spring","CA","San Diego"
242,"Electra Townie Commute 8D Ladies' - 2018",1549,2,"699.99","0.10","1259.98","2018-04-17","Spring","NY","Scarsdale"
158,"Trek CrossRip 1 - 2018",1549,1,"959.99","0.20","767.99","2018-04-17","Spring","NY","Scarsdale"
166,"Trek Domane AL 2 Women's - 2018",1554,1,"749.99","0.05","712.49","2018-04-18","Spring","CA","Santa Clara"
24,"Electra Townie Original 21D - 2016",1555,2,"549.99","0.10","989.98","2018-04-18","Spring","NY","Orchard Park"
156,"Trek Domane SL Frameset - 2018",1555,1,"6499.99","0.10","5849.99","2018-04-18","Spring","NY","Orchard Park"
126,"Surly Big Fat Dummy Frameset - 2018",1555,1,"469.99","0.10","422.99","2018-04-18","Spring","NY","Orchard Park"
128,"Surly ECR 27.5 - 2018",1555,2,"1899.00","0.05","3608.10","2018-04-18","Spring","NY","Orchard Park"
174,"Trek Domane SLR Disc Frameset - 2018",1555,1,"3199.99","0.20","2559.99","2018-04-18","Spring","NY","Orchard Park"
49,"Trek Domane SL 6 - 2017",1556,2,"3499.99","0.20","5599.98","2018-04-18","Spring","NY","Uniondale"
82,"Electra Amsterdam Original 3i Ladies' - 2017",1556,1,"659.99","0.07","613.79","2018-04-18","Spring","NY","Uniondale"
265,"Strider Strider 20 Sport - 2018",1556,1,"289.99","0.10","260.99","2018-04-18","Spring","NY","Uniondale"
119,"Trek Kids' Neko - 2018",1556,2,"469.99","0.05","892.98","2018-04-18","Spring","NY","Uniondale"
235,"Electra Koa 3i Ladies' - 2018",1556,2,"899.99","0.10","1619.98","2018-04-18","Spring","NY","Uniondale"
102,"Electra Townie Original 7D - 2017",1553,1,"489.99","0.07","455.69","2018-04-18","Spring","CA","Torrance"
12,"Electra Townie Original 21D - 2016",1553,1,"549.99","0.10","494.99","2018-04-18","Spring","CA","Torrance"
251,"Electra Townie Commute Go! - 2018",1553,1,"2999.99","0.05","2849.99","2018-04-18","Spring","CA","Torrance"
89,"Trek Precaliber 16 Boys - 2017",1553,1,"209.99","0.05","199.49","2018-04-18","Spring","CA","Torrance"
285,"Electra Soft Serve 1 (16-inch) - Girl's - 2018",1554,1,"279.99","0.20","223.99","2018-04-18","Spring","CA","Santa Clara"
4,"Trek Fuel EX 8 29 - 2016",1558,1,"2899.99","0.05","2754.99","2018-04-19","Spring","NY","Amityville"
123,"Trek Farley Carbon Frameset - 2018",1558,1,"999.99","0.07","929.99","2018-04-19","Spring","NY","Amityville"
46,"Haro SR 1.3 - 2017",1558,2,"1409.99","0.07","2622.58","2018-04-19","Spring","NY","Amityville"
163,"Surly Pack Rat - 2018",1557,2,"1349.00","0.07","2509.14","2018-04-19","Spring","CA","Palos Verdes Peninsula"
253,"Electra Townie Go! 8i Ladies' - 2018",1558,1,"2599.99","0.07","2417.99","2018-04-19","Spring","NY","Amityville"
55,"Trek Domane S 6 - 2017",1558,1,"2699.99","0.20","2159.99","2018-04-19","Spring","NY","Amityville"
188,"Trek XM700+ Lowstep - 2018",1563,1,"3499.99","0.07","3254.99","2018-04-20","Spring","TX","Richardson"
297,"Electra Under-The-Sea 1 16"" - 2018",1561,2,"279.99","0.05","531.98","2018-04-20","Spring","NY","Rome"
181,"Trek Domane SL 5 - 2018",1561,2,"2199.99","0.07","4091.98","2018-04-20","Spring","NY","Rome"
41,"Haro Shift R3 - 2017",1560,1,"1469.99","0.20","1175.99","2018-04-20","Spring","NY","Bronx"
54,"Trek Domane SL Disc Frameset - 2017",1562,1,"3199.99","0.20","2559.99","2018-04-20","Spring","NY","Hollis"
115,"Trek Fuel EX 8 29 - 2018",1562,2,"3199.99","0.07","5951.98","2018-04-20","Spring","NY","Hollis"
66,"Sun Bicycles Revolutions 24 - 2017",1562,1,"250.99","0.20","200.79","2018-04-20","Spring","NY","Hollis"
118,"Trek X-Caliber 8 - 2018",1560,2,"999.99","0.20","1599.98","2018-04-20","Spring","NY","Bronx"
221,"Electra Cruiser 7D Ladies' - 2016/2018",1559,1,"319.99","0.10","287.99","2018-04-20","Spring","NY","Richmond Hill"
54,"Trek Domane SL Disc Frameset - 2017",1559,2,"3199.99","0.10","5759.98","2018-04-20","Spring","NY","Richmond Hill"
18,"Pure Cycles Western 3-Speed - Women's - 2015/2016",1559,1,"449.00","0.10","404.10","2018-04-20","Spring","NY","Richmond Hill"
101,"Electra Townie 7D (20-inch) - Boys' - 2017",1559,2,"339.99","0.07","632.38","2018-04-20","Spring","NY","Richmond Hill"
92,"Haro Shredder 20 - 2017",1565,1,"209.99","0.10","188.99","2018-04-21","Spring","CA","San Carlos"
61,"Trek Powerfly 8 FS Plus - 2017",1566,2,"4999.99","0.05","9499.98","2018-04-21","Spring","CA","South El Monte"
179,"Trek Domane AL 3 - 2018",1566,1,"919.99","0.05","873.99","2018-04-21","Spring","CA","South El Monte"
37,"Haro Flightline One ST - 2017",1565,1,"379.99","0.07","353.39","2018-04-21","Spring","CA","San Carlos"
226,"Electra Townie Original 21D EQ - 2017/2018",1565,2,"679.99","0.20","1087.98","2018-04-21","Spring","CA","San Carlos"
95,"Electra Girl's Hawaii 1 16"" - 2017",1565,1,"299.99","0.07","278.99","2018-04-21","Spring","CA","San Carlos"
261,"Electra Townie Balloon 7i EQ - 2018",1565,1,"899.99","0.10","809.99","2018-04-21","Spring","CA","San Carlos"
309,"Electra Townie Commute 27D - 2018",1564,1,"899.99","0.07","836.99","2018-04-21","Spring","CA","Encino"
14,"Electra Girl's Hawaii 1 (16-inch) - 2015/2016",1564,1,"269.99","0.10","242.99","2018-04-21","Spring","CA","Encino"
301,"Electra Townie Balloon 7i EQ - 2018",1568,1,"899.99","0.10","809.99","2018-04-21","Spring","CA","Torrance"
105,"Sun Bicycles Streamway 7 - 2017",1568,1,"533.99","0.07","496.61","2018-04-21","Spring","CA","Torrance"
146,"Trek Domane SLR 6 - 2018",1568,1,"4999.99","0.20","3999.99","2018-04-21","Spring","CA","Torrance"
279,"Trek Precaliber 24 7-speed Girl's - 2018",1567,1,"319.99","0.20","255.99","2018-04-21","Spring","CA","Upland"
216,"Electra Super Moto 8i - 2018",1572,2,"899.99","0.05","1709.98","2018-04-22","Spring","TX","Forney"
155,"Trek Domane SLR 9 Disc - 2018",1570,1,"11999.99","0.07","11159.99","2018-04-22","Spring","NY","Utica"
312,"Electra Townie Commute 8D Ladies' - 2018",1571,2,"699.99","0.10","1259.98","2018-04-22","Spring","NY","Buffalo"
304,"Electra Townie Original 21D EQ - 2017/2018",1572,2,"679.99","0.20","1087.98","2018-04-22","Spring","TX","Forney"
115,"Trek Fuel EX 8 29 - 2018",1572,1,"3199.99","0.05","3039.99","2018-04-22","Spring","TX","Forney"
20,"Electra Townie Original 7D EQ - Women's - 2016",1571,2,"599.99","0.20","959.98","2018-04-22","Spring","NY","Buffalo"
198,"Electra Townie Commute Go! - 2018",1572,1,"2999.99","0.20","2399.99","2018-04-22","Spring","TX","Forney"
252,"Electra Townie Commute Go! Ladies' - 2018",1569,1,"2999.99","0.10","2699.99","2018-04-22","Spring","NY","Mahopac"
212,"Electra Townie Original 21D - 2018",1571,1,"559.99","0.07","520.79","2018-04-22","Spring","NY","Buffalo"
129,"Trek X-Caliber 7 - 2018",1573,1,"919.99","0.07","855.59","2018-04-23","Spring","CA","Atwater"
69,"Sun Bicycles Cruz 7 - 2017",1576,1,"416.99","0.05","396.14","2018-04-23","Spring","NY","Hempstead"
127,"Surly Pack Rat Frameset - 2018",1574,1,"469.99","0.10","422.99","2018-04-23","Spring","CA","South El Monte"
298,"Electra Water Lily 1 (16-inch) - Girl's - 2018",1577,2,"279.99","0.05","531.98","2018-04-23","Spring","NY","Liverpool"
111,"Sun Bicycles Drifter 7 - Women's - 2017",1577,2,"470.99","0.10","847.78","2018-04-23","Spring","NY","Liverpool"
300,"Electra Townie Balloon 3i EQ Ladies' - 2018",1577,2,"799.99","0.20","1279.98","2018-04-23","Spring","NY","Liverpool"
131,"Heller Bloodhound Trail - 2018",1577,2,"2599.00","0.07","4834.14","2018-04-23","Spring","NY","Liverpool"
293,"Electra Tiger Shark 1 (20-inch) - Boys' - 2018",1576,1,"319.99","0.05","303.99","2018-04-23","Spring","NY","Hempstead"
92,"Haro Shredder 20 - 2017",1575,2,"209.99","0.20","335.98","2018-04-23","Spring","CA","Lawndale"
126,"Surly Big Fat Dummy Frameset - 2018",1575,2,"469.99","0.05","892.98","2018-04-23","Spring","CA","Lawndale"
213,"Electra Cruiser 1 - 2016/2017/2018",1575,1,"269.99","0.07","251.09","2018-04-23","Spring","CA","Lawndale"
207,"Trek Boone 7 Disc - 2018",1575,2,"3999.99","0.10","7199.98","2018-04-23","Spring","CA","Lawndale"
44,"Haro SR 1.1 - 2017",1575,1,"539.99","0.07","502.19","2018-04-23","Spring","CA","Lawndale"
15,"Electra Moto 1 - 2016",1573,2,"529.99","0.10","953.98","2018-04-23","Spring","CA","Atwater"
216,"Electra Super Moto 8i - 2018",1573,2,"899.99","0.07","1673.98","2018-04-23","Spring","CA","Atwater"
263,"Strider Classic 12 Balance Bike - 2018",1573,2,"89.99","0.10","161.98","2018-04-23","Spring","CA","Atwater"
241,"Electra Townie Commute 8D - 2018",1578,2,"749.99","0.20","1199.98","2018-04-23","Spring","NY","Troy"
310,"Electra Townie Commute 27D Ladies - 2018",1578,1,"899.99","0.05","854.99","2018-04-23","Spring","NY","Troy"
204,"Trek Super Commuter+ 7 - 2018",1578,2,"3599.99","0.07","6695.98","2018-04-23","Spring","NY","Troy"
282,"Electra Cyclosaurus 1 (16-inch) - Boy's - 2018",1577,2,"279.99","0.05","531.98","2018-04-23","Spring","NY","Liverpool"
202,"Trek Powerfly 5 Women's - 2018",1576,2,"3499.99","0.05","6649.98","2018-04-23","Spring","NY","Hempstead"
9,"Trek Conduit+ - 2016",1573,1,"2999.99","0.05","2849.99","2018-04-23","Spring","CA","Atwater"
214,"Electra Tiger Shark 3i - 2018",1579,1,"899.99","0.10","809.99","2018-04-24","Spring","CA","Campbell"
49,"Trek Domane SL 6 - 2017",1579,1,"3499.99","0.05","3324.99","2018-04-24","Spring","CA","Campbell"
86,"Trek Girl's Kickster - 2017",1580,2,"149.99","0.20","239.98","2018-04-24","Spring","CA","Oxnard"
119,"Trek Kids' Neko - 2018",1580,2,"469.99","0.07","874.18","2018-04-24","Spring","CA","Oxnard"
65,"Sun Bicycles Lil Bolt Type-R - 2017",1579,2,"346.99","0.10","624.58","2018-04-24","Spring","CA","Campbell"
286,"Electra Starship 1 16"" - 2018",1579,1,"279.99","0.07","260.39","2018-04-24","Spring","CA","Campbell"
64,"Electra Townie Original 7D - 2017",1581,1,"489.99","0.10","440.99","2018-04-25","Spring","CA","Oxnard"
272,"Trek Precaliber 20 6-speed Boy's - 2018",1581,1,"289.99","0.20","231.99","2018-04-25","Spring","CA","Oxnard"
75,"Electra Cruiser Lux Fat Tire 1 Ladies - 2017",1582,1,"599.99","0.07","557.99","2018-04-25","Spring","CA","Banning"
265,"Strider Strider 20 Sport - 2018",1583,2,"289.99","0.20","463.98","2018-04-25","Spring","NY","Elmont"
15,"Electra Moto 1 - 2016",1583,1,"529.99","0.05","503.49","2018-04-25","Spring","NY","Elmont"
133,"Trek Procaliber Frameset - 2018",1582,2,"1499.99","0.07","2789.98","2018-04-25","Spring","CA","Banning"
36,"Surly Troll Frameset - 2017",1586,1,"832.99","0.10","749.69","2018-04-26","Spring","CA","South El Monte"
300,"Electra Townie Balloon 3i EQ Ladies' - 2018",1587,2,"799.99","0.07","1487.98","2018-04-26","Spring","CA","Sacramento"
78,"Sun Bicycles Biscayne Tandem CB - 2017",1587,2,"647.99","0.05","1231.18","2018-04-26","Spring","CA","Sacramento"
63,"Trek Boone Race Shop Limited - 2017",1587,2,"3499.99","0.05","6649.98","2018-04-26","Spring","CA","Sacramento"
104,"Sun Bicycles Streamway - 2017",1587,1,"481.99","0.10","433.79","2018-04-26","Spring","CA","Sacramento"
173,"Trek Domane ALR Frameset - 2018",1586,1,"3199.99","0.20","2559.99","2018-04-26","Spring","CA","South El Monte"
295,"Electra Treasure 1 20"" - 2018",1586,1,"319.99","0.05","303.99","2018-04-26","Spring","CA","South El Monte"
277,"Trek Precaliber 24 21-speed Boy's - 2018",1586,1,"369.99","0.07","344.09","2018-04-26","Spring","CA","South El Monte"
22,"Electra Girl's Hawaii 1 (16-inch) - 2015/2016",1586,2,"269.99","0.10","485.98","2018-04-26","Spring","CA","South El Monte"
191,"Electra Loft Go! 8i - 2018",1585,1,"2799.99","0.10","2519.99","2018-04-26","Spring","CA","Banning"
95,"Electra Girl's Hawaii 1 16"" - 2017",1585,1,"299.99","0.10","269.99","2018-04-26","Spring","CA","Banning"
207,"Trek Boone 7 Disc - 2018",1585,2,"3999.99","0.07","7439.98","2018-04-26","Spring","CA","Banning"
106,"Sun Bicycles Cruz 3 - 2017",1585,2,"449.99","0.10","809.98","2018-04-26","Spring","CA","Banning"
313,"Electra Townie Original 1 Ladies' - 2018",1585,1,"449.99","0.10","404.99","2018-04-26","Spring","CA","Banning"
147,"Trek Domane ALR 5 Gravel - 2018",1584,2,"1799.99","0.07","3347.98","2018-04-26","Spring","CA","San Jose"
187,"Trek Neko+ - 2018",1584,1,"2799.99","0.10","2519.99","2018-04-26","Spring","CA","San Jose"
43,"Trek Fuel EX 9.8 27.5 Plus - 2017",1584,1,"5299.99","0.20","4239.99","2018-04-26","Spring","CA","San Jose"
216,"Electra Super Moto 8i - 2018",1584,2,"899.99","0.10","1619.98","2018-04-26","Spring","CA","San Jose"
45,"Haro SR 1.2 - 2017",1584,2,"869.99","0.10","1565.98","2018-04-26","Spring","CA","San Jose"
93,"Haro Shredder 20 Girls - 2017",1588,2,"209.99","0.07","390.58","2018-04-26","Spring","NY","Monsey"
107,"Sun Bicycles Cruz 7 - 2017",1593,1,"416.99","0.05","396.14","2018-04-27","Spring","NY","Port Washington"
28,"Surly Karate Monkey 27.5+ Frameset - 2017",1589,2,"2499.99","0.10","4499.98","2018-04-27","Spring","CA","Encino"
260,"Electra Townie Balloon 3i EQ Ladies' - 2018",1589,1,"799.99","0.20","639.99","2018-04-27","Spring","CA","Encino"
246,"Electra Townie Original 3i EQ Ladies' - 2018",1589,2,"639.99","0.05","1215.98","2018-04-27","Spring","CA","Encino"
175,"Trek Domane SLR Frameset - 2018",1590,2,"3199.99","0.07","5951.98","2018-04-27","Spring","CA","Anaheim"
248,"Electra Townie Original 7D EQ Ladies' - 2017/2018",1590,1,"599.99","0.20","479.99","2018-04-27","Spring","CA","Anaheim"
23,"Electra Girl's Hawaii 1 (20-inch) - 2015/2016",1590,1,"299.99","0.07","278.99","2018-04-27","Spring","CA","Anaheim"
286,"Electra Starship 1 16"" - 2018",1591,2,"279.99","0.20","447.98","2018-04-27","Spring","CA","San Jose"
126,"Surly Big Fat Dummy Frameset - 2018",1591,2,"469.99","0.20","751.98","2018-04-27","Spring","CA","San Jose"
97,"Electra Savannah 3i (20-inch) - Girl's - 2017",1591,2,"349.99","0.07","650.98","2018-04-27","Spring","CA","San Jose"
138,"Trek Fuel EX 5 Plus - 2018",1591,2,"2249.99","0.05","4274.98","2018-04-27","Spring","CA","San Jose"
265,"Strider Strider 20 Sport - 2018",1591,1,"289.99","0.20","231.99","2018-04-27","Spring","CA","San Jose"
169,"Trek Emonda SLR 8 - 2018",1593,2,"6499.99","0.07","12089.98","2018-04-27","Spring","NY","Port Washington"
190,"Trek Dual Sport+ - 2018",1593,2,"2799.99","0.10","5039.98","2018-04-27","Spring","NY","Port Washington"
34,"Trek Session DH 27.5 Carbon Frameset - 2017",1593,1,"469.99","0.07","437.09","2018-04-27","Spring","NY","Port Washington"
97,"Electra Savannah 3i (20-inch) - Girl's - 2017",1593,2,"349.99","0.20","559.98","2018-04-27","Spring","NY","Port Washington"
271,"Trek Precaliber 16 Girl's - 2018",1592,2,"209.99","0.05","398.98","2018-04-27","Spring","NY","Fairport"
9,"Trek Conduit+ - 2016",1592,1,"2999.99","0.20","2399.99","2018-04-27","Spring","NY","Fairport"
40,"Trek Fuel EX 9.8 29 - 2017",1592,2,"4999.99","0.07","9299.98","2018-04-27","Spring","NY","Fairport"
159,"Trek Emonda ALR 6 - 2018",1592,1,"2299.99","0.07","2138.99","2018-04-27","Spring","NY","Fairport"
211,"Surly Straggler 650b - 2018",1592,2,"1549.00","0.05","2943.10","2018-04-27","Spring","NY","Fairport"
105,"Sun Bicycles Streamway 7 - 2017",1594,1,"533.99","0.10","480.59","2018-04-28","Spring","NY","Bethpage"
79,"Sun Bicycles Boardwalk (24-inch Wheels) - 2017",1594,2,"402.99","0.10","725.38","2018-04-28","Spring","NY","Bethpage"
112,"Trek 820 - 2018",1595,1,"379.99","0.20","303.99","2018-04-28","Spring","NY","Bronx"
91,"Trek Precaliber 24 (21-Speed) - Girls - 2017",1596,1,"349.99","0.05","332.49","2018-04-28","Spring","TX","Victoria"
18,"Pure Cycles Western 3-Speed - Women's - 2015/2016",1596,1,"449.00","0.10","404.10","2018-04-28","Spring","TX","Victoria"
59,"Trek Domane S 5 Disc - 2017",1597,1,"2599.99","0.07","2417.99","2018-04-28","Spring","TX","Houston"
176,"Trek Madone 9 Frameset - 2018",1597,1,"3199.99","0.07","2975.99","2018-04-28","Spring","TX","Houston"
104,"Sun Bicycles Streamway - 2017",1599,2,"481.99","0.20","771.18","2018-04-29","Spring","NY","Fairport"
295,"Electra Treasure 1 20"" - 2018",1600,1,"319.99","0.05","303.99","2018-04-29","Spring","NY","Franklin Square"
247,"Electra Townie Original 7D EQ - 2018",1598,1,"599.99","0.20","479.99","2018-04-29","Spring","CA","Canyon Country"
180,"Trek Domane AL 3 Women's - 2018",1601,1,"919.99","0.10","827.99","2018-04-29","Spring","TX","Houston"
7,"Trek Slash 8 27.5 - 2016",1601,2,"3999.99","0.07","7439.98","2018-04-29","Spring","TX","Houston"
220,"Electra Cruiser 1 Ladies' - 2018",1601,2,"269.99","0.07","502.18","2018-04-29","Spring","TX","Houston"
10,"Surly Straggler - 2016",1601,1,"1549.00","0.20","1239.20","2018-04-29","Spring","TX","Houston"
114,"Trek Marlin 6 - 2018",1601,2,"579.99","0.20","927.98","2018-04-29","Spring","TX","Houston"
36,"Surly Troll Frameset - 2017",1600,1,"832.99","0.20","666.39","2018-04-29","Spring","NY","Franklin Square"
146,"Trek Domane SLR 6 - 2018",1600,1,"4999.99","0.10","4499.99","2018-04-29","Spring","NY","Franklin Square"
88,"Trek Precaliber 12 Girls - 2017",1598,1,"189.99","0.20","151.99","2018-04-29","Spring","CA","Canyon Country"
49,"Trek Domane SL 6 - 2017",1598,2,"3499.99","0.07","6509.98","2018-04-29","Spring","CA","Canyon Country"
275,"Trek Precaliber 20 Girl's - 2018",1603,2,"229.99","0.05","436.98","2018-04-30","Spring","NY","North Tonawanda"
37,"Haro Flightline One ST - 2017",1602,1,"379.99","0.07","353.39","2018-04-30","Spring","NY","Merrick"
71,"Sun Bicycles Atlas X-Type - 2017",1602,2,"416.99","0.05","792.28","2018-04-30","Spring","NY","Merrick"
257,"Electra Amsterdam Fashion 3i Ladies' - 2017/2018",1602,2,"899.99","0.05","1709.98","2018-04-30","Spring","NY","Merrick"
275,"Trek Precaliber 20 Girl's - 2018",1602,2,"229.99","0.20","367.98","2018-04-30","Spring","NY","Merrick"
271,"Trek Precaliber 16 Girl's - 2018",1604,1,"209.99","0.10","188.99","2018-06-17","Summer","NY","Buffalo"
29,"Trek X-Caliber 8 - 2017",1605,1,"999.99","0.07","929.99","2018-07-01","Summer","TX","Corpus Christi"
72,"Sun Bicycles Biscayne Tandem 7 - 2017",1605,1,"619.99","0.10","557.99","2018-07-01","Summer","TX","Corpus Christi"
186,"Trek CrossRip+ - 2018",1605,1,"4499.99","0.20","3599.99","2018-07-01","Summer","TX","Corpus Christi"
132,"Trek Procal AL Frameset - 2018",1605,2,"1499.99","0.10","2699.98","2018-07-01","Summer","TX","Corpus Christi"
301,"Electra Townie Balloon 7i EQ - 2018",1605,1,"899.99","0.10","809.99","2018-07-01","Summer","TX","Corpus Christi"
245,"Electra Townie Original 3i EQ - 2017/2018",1606,1,"659.99","0.10","593.99","2018-07-10","Summer","TX","San Angelo"
271,"Trek Precaliber 16 Girl's - 2018",1606,1,"209.99","0.10","188.99","2018-07-10","Summer","TX","San Angelo"
29,"Trek X-Caliber 8 - 2017",1607,1,"999.99","0.05","949.99","2018-07-11","Summer","CA","Palos Verdes Peninsula"
231,"Electra Cruiser Lux 3i Ladies' - 2018",1608,2,"529.99","0.05","1006.98","2018-07-12","Summer","CA","Glendora"
238,"Electra Townie Balloon 8D EQ - 2016/2017/2018",1609,2,"749.99","0.20","1199.98","2018-08-23","Summer","NY","Monroe"
96,"Electra Moto 3i (20-inch) - Boy's - 2017",1609,1,"349.99","0.20","279.99","2018-08-23","Summer","NY","Monroe"
228,"Electra Cruiser 7D Tall - 2016/2018",1609,2,"319.99","0.10","575.98","2018-08-23","Summer","NY","Monroe"
105,"Sun Bicycles Streamway 7 - 2017",1609,1,"533.99","0.20","427.19","2018-08-23","Summer","NY","Monroe"
173,"Trek Domane ALR Frameset - 2018",1610,2,"3199.99","0.20","5119.98","2018-08-25","Summer","NY","Plattsburgh"
36,"Surly Troll Frameset - 2017",1610,1,"832.99","0.07","774.68","2018-08-25","Summer","NY","Plattsburgh"
191,"Electra Loft Go! 8i - 2018",1611,1,"2799.99","0.07","2603.99","2018-09-06","Fall","NY","Fairport"
236,"Electra Morningstar 3i Ladies' - 2018",1611,1,"749.99","0.20","599.99","2018-09-06","Fall","NY","Fairport"
171,"Trek Domane SL 6 - 2018",1611,2,"3199.99","0.10","5759.98","2018-09-06","Fall","NY","Fairport"
289,"Electra Superbolt 1 20"" - 2018",1612,2,"319.99","0.05","607.98","2018-10-21","Fall","CA","Redondo Beach"
242,"Electra Townie Commute 8D Ladies' - 2018",1612,1,"699.99","0.10","629.99","2018-10-21","Fall","CA","Redondo Beach"
101,"Electra Townie 7D (20-inch) - Boys' - 2017",1612,2,"339.99","0.20","543.98","2018-10-21","Fall","CA","Redondo Beach"
60,"Sun Bicycles ElectroLite - 2017",1612,1,"1559.99","0.10","1403.99","2018-10-21","Fall","CA","Redondo Beach"
293,"Electra Tiger Shark 1 (20-inch) - Boys' - 2018",1612,2,"319.99","0.07","595.18","2018-10-21","Fall","CA","Redondo Beach"
283,"Electra Heartchya 1 (20-inch) - Girl's - 2018",1613,2,"319.99","0.05","607.98","2018-11-18","Fall","NY","Orchard Park"
153,"Trek Domane SL 7 Women's - 2018",1613,1,"4999.99","0.07","4649.99","2018-11-18","Fall","NY","Orchard Park"
213,"Electra Cruiser 1 - 2016/2017/2018",1614,2,"269.99","0.20","431.98","2018-11-28","Fall","TX","Houston"
159,"Trek Emonda ALR 6 - 2018",1614,2,"2299.99","0.07","4277.98","2018-11-28","Fall","TX","Houston"
124,"Surly Krampus - 2018",1614,1,"1499.00","0.07","1394.07","2018-11-28","Fall","TX","Houston"
182,"Trek Domane SL 5 Disc - 2018",1615,1,"2499.99","0.20","1999.99","2018-12-28","Winter","TX","Forney"
214,"Electra Tiger Shark 3i - 2018",1615,1,"899.99","0.07","836.99","2018-12-28","Winter","TX","Forney"
197,"Trek Verve+ Lowstep - 2018",1615,2,"2299.99","0.20","3679.98","2018-12-28","Winter","TX","Forney"
