"year","postseason","team","conf","seed","wab","barthag","adjoe","adjde","efg_o","3p_o","tor","orb","drb"
2013,"S16","Indiana","B10",1,"7.8","0.9692","121.0","89.7","54.7","40.3","19.3","39.0","31.4"
2013,"S16","Kansas","B12",1,"7.5","0.9514","111.6","86.2","53.3","36.4","20.3","33.8","29.3"
2013,"R32","Gonzaga","WCC",1,"7.6","0.9599","118.9","90.2","54.9","36.5","17.2","37.8","29.8"
2013,"Champions","Louisville","BE",1,"9.0","0.9743","115.9","84.5","50.6","33.3","18.3","38.2","33.3"
2013,"E8","Ohio St.","B10",2,"7.2","0.9406","113.6","89.4","50.6","35.6","16.2","31.8","28.2"
2013,"E8","Duke","ACC",2,"7.5","0.9507","118.4","91.5","53.9","39.9","15.6","28.8","32.3"
2013,"R64","Georgetown","BE",2,"6.6","0.9381","107.6","85.0","51.1","35.3","20.1","30.4","31.0"
2013,"S16","Miami FL","ACC",2,"6.3","0.9207","112.4","90.8","51.9","36.2","16.7","31.3","28.4"
2013,"E8","Florida","SEC",3,"4.1","0.9694","115.7","85.7","55.2","37.8","17.8","34.2","28.4"
2013,"R64","New Mexico","MWC",3,"6.9","0.8641","107.0","91.1","48.4","35.1","17.6","29.3","27.6"
2013,"S16","Michigan St.","B10",3,"6.7","0.9392","111.4","87.8","50.6","34.1","20.8","36.1","27.6"
2013,"E8","Marquette","BE",3,"4.5","0.9020","113.0","93.2","49.6","29.6","20.9","38.4","33.1"
2013,"2ND","Michigan","B10",4,"6.2","0.9522","121.5","93.7","54.6","37.9","14.6","32.5","29.4"
2013,"R64","Kansas St.","B12",4,"5.4","0.8896","113.4","94.5","49.1","35.8","18.2","38.5","33.8"
2013,"R32","Saint Louis","A10",4,"3.8","0.9181","108.0","87.5","50.4","34.0","17.6","27.9","29.1"
2013,"F4","Syracuse","BE",4,"5.1","0.9533","113.0","87.0","49.0","33.4","18.9","38.8","34.5"
2013,"R32","VCU","A10",5,"2.6","0.9195","113.8","92.1","51.3","35.1","16.9","36.6","34.7"
2013,"R64","Oklahoma St.","B12",5,"3.2","0.8983","107.1","88.6","48.8","31.6","18.2","31.3","30.8"
2013,"R64","UNLV","MWC",5,"1.8","0.8749","104.7","88.4","48.9","32.6","20.2","33.3","27.1"
2013,"R64","Wisconsin","B10",5,"4.6","0.9406","107.2","84.3","48.6","33.0","15.7","32.6","26.9"
2013,"R32","Butler","A10",6,"4.7","0.8624","109.2","93.0","50.7","34.3","20.2","35.9","26.3"
2013,"R32","Memphis","CUSA",6,"4.5","0.8672","106.1","90.2","52.4","37.2","20.7","35.6","31.1"
2013,"R64","UCLA","P12",6,"3.3","0.8475","110.0","94.8","49.1","33.3","15.8","30.7","34.0"
2013,"S16","Arizona","P12",6,"4.6","0.9229","114.4","92.2","52.5","37.1","19.5","35.0","26.7"
2013,"R32","San Diego St.","MWC",7,"0.4","0.8752","106.0","89.5","48.5","32.7","18.1","31.8","27.9"
2013,"R64","Notre Dame","BE",7,"3.9","0.8748","112.9","95.4","52.2","37.0","17.6","34.0","29.5"
2013,"R32","Illinois","B10",7,"2.4","0.8749","109.8","92.7","47.5","31.7","17.6","33.6","33.0"
2013,"R32","Creighton","MVC",7,"3.5","0.9117","116.4","95.0","58.2","41.4","18.9","28.8","27.2"
2013,"R64","Pittsburgh","BE",8,"3.1","0.9217","112.8","91.1","51.7","34.9","18.1","40.4","30.0"
2013,"R32","North Carolina","ACC",8,"2.5","0.8902","111.6","93.0","49.3","37.2","17.2","34.6","31.6"
2013,"R64","North Carolina St.","ACC",8,"2.2","0.8650","115.2","98.0","54.2","39.1","18.0","34.7","32.6"
2013,"R32","Colorado St.","MWC",8,"1.9","0.8759","116.6","98.4","49.2","34.1","17.2","41.4","23.2"
2013,"F4","Wichita St.","MVC",9,"2.2","0.9045","110.6","91.0","50.0","33.9","19.4","38.0","26.5"
2013,"R32","Temple","A10",9,"1.5","0.8220","110.7","96.9","49.0","32.8","15.9","30.8","31.4"
2013,"R64","Missouri","SEC",9,"1.2","0.8815","113.3","95.2","51.2","33.9","18.9","38.7","28.6"
2013,"R64","Villanova","BE",9,"0.3","0.8507","105.3","90.5","47.3","33.2","22.9","33.1","29.5"
2013,"R64","Oklahoma","B12",10,"0.3","0.8391","110.3","95.6","47.8","32.3","17.5","33.2","31.5"
2013,"R32","Iowa St.","B12",10,"0.7","0.8828","117.2","98.3","53.8","37.4","18.5","34.2","28.5"
2013,"R64","Cincinnati","BE",10,"1.7","0.8730","104.5","88.3","46.2","31.6","19.4","38.7","29.8"
2013,"R64","Colorado","P12",10,"1.4","0.8513","104.9","90.2","48.3","34.4","20.0","33.6","30.4"
2013,"R64","Belmont","OVC",11,"0.1","0.8064","108.9","96.2","56.5","37.2","19.6","29.7","34.2"
2013,"R64","Bucknell","Pat",11,"1.0","0.7936","104.7","93.1","49.6","35.8","15.1","29.3","24.3"
2013,"R64","Saint Mary's","WCC",11,"2.5","0.8910","113.9","94.9","53.7","37.3","18.3","36.9","25.0"
2013,"R68","Middle Tennessee","SB",11,"0.7","0.8396","105.1","91.0","51.1","37.7","20.7","36.5","29.0"
2013,"R32","Minnesota","B10",11,"2.1","0.9050","112.6","92.5","49.3","33.7","21.6","43.6","33.2"
2013,"S16","Oregon","P12",12,"2.9","0.8728","104.8","88.6","49.3","33.3","21.4","35.8","27.2"
2013,"R32","California","P12",12,"0.5","0.8211","105.4","92.3","48.0","30.2","18.9","32.5","30.7"
2013,"R32","Mississippi","SEC",12,"1.6","0.8340","110.0","95.6","49.1","32.4","15.9","34.1","31.8"
2013,"R64","Akron","MAC",12,"0.3","0.7402","103.4","94.4","51.0","32.7","20.8","37.6","30.5"
2013,"R64","Montana","BSky",13,"-1.4","0.4929","101.6","101.8","52.9","36.4","19.1","25.1","30.5"
2013,"R68","Boise St.","MWC",13,"-0.2","0.8332","112.0","97.4","51.8","38.7","18.4","30.3","24.4"
2013,"S16","La Salle","A10",13,"0.3","0.8516","112.0","96.2","51.9","37.7","17.1","29.0","34.2"
2013,"R64","South Dakota St.","Sum",13,"-3.2","0.6573","109.7","103.7","53.3","38.9","16.4","28.9","26.1"
2013,"R64","New Mexico St.","WAC",13,"-3.1","0.6992","102.5","95.3","49.3","31.8","21.9","36.9","29.8"
2013,"R64","Davidson","SC",14,"-1.4","0.7959","110.6","98.3","53.1","36.6","17.0","29.0","28.5"
2013,"R32","Harvard","Ivy",14,"-2.6","0.6362","104.9","99.9","54.3","39.8","20.8","25.6","31.4"
2013,"R64","Northwestern St.","Slnd",14,"-3.2","0.5730","104.8","102.1","49.0","31.0","19.2","34.8","37.3"
2013,"R64","Valparaiso","Horz",14,"-0.8","0.7514","107.8","97.9","55.7","37.1","21.8","31.2","28.2"
2013,"R64","Albany","AE",15,"-4.5","0.5722","101.2","98.7","49.6","37.0","21.2","31.7","28.2"
2013,"S16","Florida Gulf Coast","ASun",15,"-4.0","0.6952","103.4","96.3","51.6","33.4","21.0","32.5","32.8"
2013,"R64","Iona","MAAC",15,"-5.9","0.6956","112.8","105.0","52.1","36.7","17.1","32.8","33.4"
2013,"R64","Pacific","BW",15,"-5.1","0.5991","104.7","101.1","50.5","38.9","17.8","29.2","30.8"
2013,"R64","North Carolina A&T","MEAC",16,"-11.5","0.3459","90.6","95.7","45.7","30.7","22.7","29.8","33.2"
2013,"R68","LIU Brooklyn","NEC",16,"-8.6","0.4195","108.1","111.2","54.4","38.0","20.3","35.2","33.5"
2013,"R64","Southern","SWAC",16,"-5.7","0.4750","95.9","96.7","49.1","36.7","16.8","26.2","31.1"
2013,"R64","James Madison","CAA",16,"-8.9","0.4736","98.5","99.4","47.6","33.6","17.2","29.6","31.1"
2013,"R68","Liberty","BSth",16,"-15.6","0.2591","100.1","109.7","48.5","37.0","19.8","29.0","32.6"
2013,"R64","Western Kentucky","SB",16,"-8.4","0.4895","100.1","100.4","48.6","32.7","22.2","34.8","30.7"
2014,"S16","Virginia","ACC",1,"8.2","0.9449","114.6","89.5","50.8","36.9","16.5","33.9","25.8"
2014,"R32","Wichita St.","MVC",1,"8.1","0.9295","116.4","93.0","52.4","35.0","16.2","35.0","26.2"
2014,"E8","Arizona","P12",1,"9.4","0.9636","116.2","87.4","51.7","36.4","15.7","36.4","27.3"
2014,"F4","Florida","SEC",1,"11.7","0.9575","115.9","88.4","52.2","35.9","17.5","35.3","28.0"
2014,"R32","Villanova","BE",2,"8.3","0.9260","115.2","92.5","53.6","35.6","17.3","32.6","28.7"
2014,"F4","Wisconsin","B10",2,"7.9","0.9441","122.7","95.9","53.3","37.6","12.7","28.1","27.4"
2014,"R32","Kansas","B12",2,"6.9","0.9270","119.2","95.6","54.2","34.0","19.1","37.3","28.8"
2014,"E8","Michigan","B10",2,"7.7","0.9295","125.0","99.9","55.7","40.2","14.8","29.4","30.5"
2014,"R32","Syracuse","ACC",3,"7.9","0.9156","114.2","92.8","48.2","33.1","14.8","38.1","31.5"
2014,"R32","Creighton","BE",3,"5.6","0.9144","125.2","101.9","58.9","41.4","15.0","27.7","27.8"
2014,"R64","Duke","ACC",3,"6.5","0.9432","125.9","98.6","53.8","39.5","14.6","35.2","31.3"
2014,"S16","Iowa St.","B12",3,"7.5","0.8903","118.6","98.8","54.2","35.8","14.5","28.8","28.5"
2014,"E8","Michigan St.","B10",4,"6.9","0.9319","119.6","95.3","54.5","39.2","17.4","32.9","27.5"
2014,"S16","UCLA","P12",4,"4.5","0.9167","119.0","96.6","54.1","38.0","14.5","29.8","28.6"
2014,"S16","San Diego St.","MWC",4,"6.0","0.8960","109.4","90.7","46.7","34.2","15.2","36.1","29.4"
2014,"S16","Louisville","Amer",4,"5.3","0.9710","118.8","87.6","53.5","36.8","15.3","37.1","32.7"
2014,"R64","Oklahoma","B12",5,"4.1","0.8793","118.2","99.4","51.7","37.9","15.7","32.4","30.4"
2014,"R64","VCU","A10",5,"3.6","0.8955","108.3","89.8","47.9","34.9","17.2","34.9","30.8"
2014,"R64","Cincinnati","Amer",5,"5.3","0.8783","108.7","91.5","47.7","33.5","17.4","39.1","32.3"
2014,"R32","Saint Louis","A10",5,"3.8","0.8477","104.9","90.4","49.6","31.7","18.6","28.8","29.0"
2014,"R32","North Carolina","ACC",6,"4.2","0.8883","113.4","94.7","49.9","33.6","16.9","38.1","31.3"
2014,"S16","Baylor","B12",6,"3.1","0.8885","119.2","99.5","51.3","38.0","17.8","40.1","32.0"
2014,"R64","Massachusetts","A10",6,"3.6","0.7952","109.0","96.9","50.4","34.6","18.8","34.3","31.7"
2014,"R64","Ohio St.","B10",6,"4.5","0.9107","108.4","88.5","50.3","32.4","17.2","29.6","29.6"
2014,"R32","Texas","B12",7,"3.6","0.8507","112.4","96.7","47.4","32.7","17.5","39.6","30.2"
2014,"R32","Oregon","P12",7,"2.6","0.8720","118.1","100.0","53.5","38.9","16.1","32.2","31.9"
2014,"Champions","Connecticut","Amer",7,"4.7","0.9171","112.5","91.3","51.5","38.7","17.3","30.4","32.8"
2014,"R64","New Mexico","MWC",7,"4.4","0.8693","112.8","95.7","51.1","33.2","15.9","32.5","28.2"
2014,"R32","Memphis","Amer",8,"2.8","0.8479","112.6","97.0","51.9","33.0","18.6","35.8","33.3"
2014,"2ND","Kentucky","SEC",8,"3.9","0.9062","117.2","96.2","49.9","33.2","18.1","42.0","29.7"
2014,"R32","Gonzaga","WCC",8,"4.0","0.9064","113.6","93.3","55.2","39.0","17.4","30.6","29.5"
2014,"R64","Colorado","P12",8,"2.4","0.7740","106.9","96.0","48.3","31.8","19.7","34.0","26.1"
2014,"R64","Oklahoma St.","B12",9,"1.4","0.9067","115.6","94.8","52.4","36.4","14.7","28.0","32.0"
2014,"R32","Pittsburgh","ACC",9,"4.1","0.9261","117.1","94.0","50.7","35.1","16.3","37.2","29.0"
2014,"R64","Kansas St.","B12",9,"0.5","0.8473","107.9","92.9","48.8","33.1","18.5","34.7","33.2"
2014,"R64","BYU","WCC",10,"0.6","0.8078","113.8","100.5","50.6","36.9","15.3","34.9","28.6"
2014,"R64","Arizona St.","P12",10,"1.2","0.8252","110.3","96.4","52.4","39.0","16.3","24.5","30.2"
2014,"R64","Saint Joseph's","A10",10,"2.1","0.8546","113.8","97.5","53.9","37.9","18.7","29.5","27.8"
2014,"S16","Stanford","P12",10,"1.1","0.8436","111.7","96.5","51.3","36.4","17.0","29.3","28.1"
2014,"S16","Tennessee","SEC",11,"0.4","0.9374","118.1","93.4","49.8","31.9","16.8","39.7","27.5"
2014,"R64","George Washington","A10",11,"3.2","0.8151","110.2","96.8","51.5","36.4","19.0","35.1","31.4"
2014,"R64","Nebraska","B10",11,"1.3","0.8172","108.2","95.0","48.3","33.3","16.7","25.7","29.0"
2014,"R68","Iowa","B10",11,"1.2","0.9089","121.2","99.2","51.1","35.0","15.9","37.6","29.0"
2014,"R64","Providence","BE",11,"1.2","0.8249","114.9","100.4","48.3","34.7","17.3","35.3","30.8"
2014,"E8","Dayton","A10",11,"0.6","0.8188","113.0","99.1","52.4","37.7","18.1","33.9","28.8"
2014,"R32","North Dakota St.","Sum",12,"0.2","0.7613","113.9","103.0","54.5","34.7","15.6","30.6","27.9"
2014,"R68","Xavier","BE",12,"1.4","0.7965","112.0","99.5","51.7","34.8","18.7","34.1","28.7"
2014,"R32","Harvard","Ivy",12,"2.2","0.8641","111.9","95.2","52.1","38.6","17.6","32.3","29.3"
2014,"R32","Stephen F. Austin","Slnd",12,"1.7","0.7527","112.0","101.6","52.3","34.9","16.9","38.2","28.9"
2014,"R64","North Carolina St.","ACC",12,"0.6","0.8066","114.8","101.4","50.0","30.5","15.8","34.1","35.6"
2014,"R64","New Mexico St.","WAC",13,"-2.3","0.7385","111.6","102.0","53.2","36.1","18.7","37.7","33.0"
2014,"R64","Delaware","CAA",13,"-1.4","0.6237","110.7","106.0","50.4","34.7","13.4","29.1","32.8"
2014,"R64","Manhattan","MAAC",13,"-0.5","0.7519","106.2","96.4","50.7","36.9","19.7","34.4","33.3"
2014,"R64","Tulsa","CUSA",13,"-3.6","0.7537","105.6","95.8","49.2","32.7","16.7","30.2","29.6"
2014,"R64","Louisiana Lafayette","SB",14,"-3.8","0.6557","110.5","104.5","51.5","37.1","18.8","36.5","31.8"
2014,"R32","Mercer","ASun",14,"-2.8","0.6993","109.6","101.8","54.0","38.8","17.5","32.0","31.1"
2014,"R64","Western Michigan","MAC",14,"-2.9","0.5605","104.7","102.5","52.0","32.6","20.9","31.0","32.0"
2014,"R64","North Carolina Central","MEAC",14,"-0.6","0.7018","107.9","100.2","50.2","32.5","17.2","35.4","33.1"
2014,"R64","Wofford","SC",15,"-6.5","0.4275","99.7","102.2","48.8","34.6","16.4","30.9","29.0"
2014,"R64","Eastern Kentucky","OVC",15,"-3.3","0.6177","112.1","107.5","56.7","38.6","15.8","23.0","34.0"
2014,"R64","Milwaukee","Horz",15,"-6.1","0.5123","104.3","103.9","49.1","32.7","19.9","28.6","31.2"
2014,"R64","American","Pat",15,"-5.5","0.6178","101.8","97.7","55.8","37.9","23.1","26.5","29.7"
2014,"R64","Cal Poly","BW",16,"-10.7","0.4356","102.0","104.4","46.0","33.0","14.7","30.9","33.2"
2014,"R64","Coastal Carolina","BSth",16,"-7.7","0.3946","98.3","102.0","48.0","32.6","20.2","34.2","29.3"
2014,"R68","Mount St. Mary's","NEC",16,"-9.4","0.3986","107.1","111.0","51.5","35.5","16.7","27.8","33.0"
2014,"R64","Albany","AE",16,"-8.6","0.4900","102.8","103.1","48.8","36.0","19.7","31.9","28.4"
2014,"R68","Texas Southern","SWAC",16,"-9.7","0.3293","106.1","112.9","51.7","35.8","19.3","33.6","31.2"
2014,"R64","Weber St.","BSky",16,"-6.9","0.4831","106.0","106.6","54.1","39.4","19.0","28.4","28.7"
2015,"F4","Kentucky","SEC",1,"13.1","0.9842","120.3","84.0","51.5","34.9","16.3","39.5","31.8"
2015,"2ND","Wisconsin","B10",1,"11.3","0.9758","129.1","93.6","54.8","36.5","12.4","32.1","23.7"
2015,"Champions","Duke","ACC",1,"10.7","0.9764","125.2","90.6","56.6","38.7","16.3","35.8","30.2"
2015,"R32","Villanova","BE",1,"11.3","0.9663","121.9","91.1","55.3","38.9","16.3","32.5","31.2"
2015,"R32","Virginia","ACC",2,"10.0","0.9648","112.1","84.1","50.6","35.2","15.7","34.3","24.2"
2015,"E8","Gonzaga","WCC",2,"7.8","0.9498","120.2","93.1","57.9","40.0","16.1","33.9","28.0"
2015,"R32","Kansas","B12",2,"9.0","0.9308","113.6","90.6","49.4","37.9","19.2","34.9","31.6"
2015,"E8","Arizona","P12",2,"9.0","0.9700","117.5","86.9","53.5","36.0","16.5","34.5","22.4"
2015,"S16","Oklahoma","B12",3,"4.5","0.9349","111.6","88.5","49.3","34.3","17.6","31.5","31.4"
2015,"E8","Notre Dame","ACC",3,"8.6","0.9401","125.3","98.6","58.3","39.0","14.5","27.9","32.2"
2015,"R64","Iowa St.","B12",3,"7.0","0.9103","116.9","95.6","54.3","36.2","15.8","28.3","29.6"
2015,"R64","Baylor","B12",3,"5.0","0.9316","116.3","92.7","49.8","38.2","20.1","41.9","31.5"
2015,"E8","Louisville","ACC",4,"5.8","0.9290","109.4","87.4","47.7","30.7","17.2","34.7","30.8"
2015,"R32","Georgetown","BE",4,"3.7","0.8945","112.6","93.5","51.3","35.3","19.2","34.3","31.0"
2015,"R32","Maryland","B10",4,"6.9","0.8619","110.2","94.0","51.2","37.6","18.9","28.9","30.5"
2015,"S16","North Carolina","ACC",4,"6.5","0.9507","119.6","92.5","51.6","35.8","18.2","40.0","31.2"
2015,"R32","Northern Iowa","MVC",5,"5.3","0.9228","115.4","93.0","55.9","39.8","17.8","27.0","26.9"
2015,"S16","West Virginia","B12",5,"4.1","0.8733","110.3","93.3","46.1","31.6","18.7","40.1","31.1"
2015,"S16","Utah","P12",5,"3.7","0.9513","114.9","88.7","55.2","40.1","18.2","31.3","28.4"
2015,"R32","Arkansas","SEC",5,"3.9","0.8696","113.2","96.0","50.0","34.9","16.9","35.7","34.6"
2015,"S16","Xavier","BE",6,"1.3","0.9049","115.7","95.1","53.3","35.1","18.1","31.3","27.3"
2015,"R64","SMU","Amer",6,"3.1","0.8635","111.1","94.6","52.1","36.3","19.5","36.6","29.2"
2015,"R32","Butler","BE",6,"3.5","0.9115","108.5","88.6","48.4","35.6","17.0","34.7","25.3"
2015,"R64","Providence","BE",6,"3.7","0.8821","111.6","93.7","48.4","31.3","18.1","35.2","29.0"
2015,"S16","Wichita St.","MVC",7,"4.2","0.9277","114.3","91.5","50.3","35.4","15.0","34.5","27.4"
2015,"F4","Michigan St.","B10",7,"3.0","0.9327","116.3","92.6","53.2","38.5","17.5","33.5","27.0"
2015,"R32","Iowa","B10",7,"2.1","0.9211","114.0","92.0","48.1","33.3","17.1","35.6","30.3"
2015,"R64","VCU","A10",7,"3.0","0.8373","108.4","94.0","48.7","34.3","15.7","31.8","30.6"
2015,"S16","North Carolina St.","ACC",8,"1.1","0.8684","114.1","96.8","49.3","35.6","16.0","33.9","30.2"
2015,"R32","Cincinnati","Amer",8,"-1.3","0.8380","106.5","92.3","49.5","32.9","21.0","37.3","32.3"
2015,"R32","Oregon","P12",8,"3.0","0.8379","114.3","99.1","52.3","36.9","16.9","30.2","31.5"
2015,"R32","San Diego St.","MWC",8,"1.3","0.8691","103.1","87.5","46.6","32.0","18.6","35.7","29.7"
2015,"R64","St. John's","BE",9,"2.3","0.8569","110.6","94.7","49.3","34.5","15.7","27.6","35.4"
2015,"R64","LSU","SEC",9,"0.5","0.8477","107.8","92.8","50.3","33.9","20.2","33.9","32.9"
2015,"R64","Purdue","B10",9,"1.0","0.8654","110.5","93.9","50.3","32.7","19.9","36.5","30.9"
2015,"R64","Oklahoma St.","B12",9,"0.2","0.8469","110.7","95.4","50.2","34.6","18.5","26.9","32.6"
2015,"R64","Davidson","A10",10,"1.7","0.8435","118.3","102.2","55.4","38.7","14.1","29.6","30.4"
2015,"R64","Indiana","B10",10,"-0.3","0.8473","119.5","103.0","54.4","40.6","17.2","35.3","31.5"
2015,"R32","Ohio St.","B10",10,"2.5","0.9104","113.9","93.1","54.2","37.0","17.0","33.5","32.0"
2015,"R64","Georgia","SEC",10,"1.6","0.8482","107.6","92.6","48.5","34.2","19.2","32.2","28.5"
2015,"R68","BYU","WCC",11,"0.8","0.8699","118.3","100.3","53.2","39.0","16.4","33.4","28.4"
2015,"R64","Mississippi","SEC",11,"-0.5","0.8037","112.2","99.2","47.8","33.2","16.5","34.8","31.4"
2015,"R68","Boise St.","MWC",11,"0.2","0.8210","109.5","96.0","53.2","38.9","16.1","27.8","25.6"
2015,"S16","UCLA","P12",11,"0.0","0.8425","111.8","96.6","49.6","36.8","17.6","33.8","28.6"
2015,"R32","Dayton","A10",11,"0.8","0.8059","107.0","94.5","52.9","35.6","17.9","23.3","28.4"
2015,"R64","Texas","B12",11,"0.9","0.9048","110.3","90.7","49.1","33.8","20.1","37.9","28.6"
2015,"R64","Stephen F. Austin","Slnd",12,"1.2","0.7919","111.0","98.8","55.6","37.3","20.3","37.6","29.6"
2015,"R64","Wyoming","MWC",12,"-1.6","0.6121","102.1","98.2","52.2","32.6","18.8","22.0","27.0"
2015,"R64","Buffalo","MAC",12,"-1.3","0.7742","109.1","98.0","48.7","34.1","16.7","34.5","30.4"
2015,"R64","Wofford","SC",12,"0.2","0.6547","102.3","96.8","51.1","36.8","17.2","29.4","27.7"
2015,"R64","Eastern Washington","BSky",13,"-2.6","0.5648","110.1","107.6","55.1","39.3","15.9","29.3","30.7"
2015,"R64","UC Irvine","BW",13,"-4.6","0.7202","105.1","96.8","50.7","38.2","18.2","30.0","30.7"
2015,"R64","Harvard","Ivy",13,"-1.3","0.7057","102.4","94.9","47.1","34.3","18.4","32.4","28.4"
2015,"R64","Valparaiso","Horz",13,"0.1","0.7706","105.0","94.5","51.3","38.4","19.0","34.7","27.4"
2015,"R64","Northeastern","CAA",14,"-4.6","0.6586","107.0","101.0","54.5","38.6","21.5","30.1","25.3"
2015,"R32","UAB","CUSA",14,"-7.5","0.5721","102.7","100.1","47.6","33.2","20.1","34.2","33.1"
2015,"R32","Georgia St.","SB",14,"-3.0","0.7802","109.5","98.0","52.0","32.2","16.3","30.0","34.8"
2015,"R64","Albany","AE",14,"-3.3","0.5749","104.9","102.2","49.9","35.8","18.8","32.6","26.0"
2015,"R64","Belmont","OVC",15,"-4.7","0.5497","108.7","106.8","56.5","37.7","20.3","28.9","29.6"
2015,"R64","North Dakota St.","Sum",15,"-3.9","0.5035","100.8","100.7","49.7","38.2","16.0","26.1","23.7"
2015,"R64","Texas Southern","SWAC",15,"-4.5","0.3371","101.9","108.1","49.5","32.2","19.7","33.8","34.6"
2015,"R64","New Mexico St.","WAC",15,"-4.5","0.6613","103.9","98.1","50.6","36.2","21.8","39.3","31.0"
2015,"R64","Lafayette","Pat",16,"-7.1","0.3839","109.8","114.5","55.8","40.8","17.1","27.7","34.5"
2015,"R64","Coastal Carolina","BSth",16,"-5.1","0.5417","104.5","103.0","50.0","35.9","17.5","34.8","28.0"
2015,"R64","Hampton","MEAC",16,"-12.6","0.2939","94.8","102.3","45.6","30.4","20.2","31.8","30.9"
2015,"R64","Robert Morris","NEC",16,"-8.6","0.4286","100.7","103.3","50.1","37.5","19.8","31.0","35.9"
2015,"R68","North Florida","ASun",16,"-5.1","0.5063","105.2","105.0","53.6","38.1","18.3","29.2","31.8"
2015,"R68","Manhattan","MAAC",16,"-7.6","0.5238","100.2","99.4","49.4","33.6","21.1","30.9","33.1"
2016,"2ND","North Carolina","ACC",1,"8.6","0.9531","123.3","94.9","52.6","32.7","15.4","40.7","30.0"
2016,"E8","Kansas","B12",1,"11.6","0.9662","120.9","90.4","55.7","41.3","17.8","32.2","27.9"
2016,"E8","Virginia","ACC",1,"8.6","0.9600","119.9","91.0","54.8","40.3","15.1","29.9","25.2"
2016,"E8","Oregon","P12",1,"6.7","0.9163","118.4","96.2","52.3","34.4","16.1","34.1","30.5"
2016,"R32","Xavier","BE",2,"7.7","0.9229","117.0","94.3","51.4","36.3","17.4","35.2","26.0"
2016,"R64","Michigan St.","B10",2,"7.2","0.9428","122.5","96.0","56.3","43.4","17.6","37.1","24.3"
2016,"Champions","Villanova","BE",2,"8.9","0.9703","123.1","90.9","56.1","36.2","16.3","28.2","29.4"
2016,"F4","Oklahoma","B12",2,"8.0","0.9326","118.2","94.1","54.3","42.2","18.3","31.2","30.5"
2016,"R64","West Virginia","B12",3,"7.4","0.9396","114.8","90.4","49.8","32.5","20.0","42.0","27.1"
2016,"R32","Utah","P12",3,"5.6","0.8807","115.8","97.3","55.1","36.3","18.2","29.2","27.8"
2016,"S16","Miami FL","ACC",3,"6.9","0.9203","119.4","96.5","54.2","37.5","16.5","30.1","29.5"
2016,"S16","Texas A&M","SEC",3,"5.2","0.9126","113.0","92.2","51.2","34.1","17.4","34.8","29.2"
2016,"S16","Iowa St.","B12",3,"3.6","0.9162","121.4","98.6","57.1","38.7","15.7","26.2","30.1"
2016,"R32","Kentucky","SEC",4,"5.0","0.9517","123.2","95.1","53.5","36.6","16.2","37.5","31.9"
2016,"R64","California","P12",4,"2.2","0.9006","112.4","92.8","52.2","36.3","17.7","32.4","25.3"
2016,"S16","Duke","ACC",4,"4.2","0.9122","121.2","98.9","53.7","38.5","14.3","33.2","34.7"
2016,"R64","Baylor","B12",5,"3.5","0.8924","119.3","99.2","51.6","37.4","18.6","40.0","28.8"
2016,"S16","Maryland","B10",5,"4.0","0.8839","114.9","96.3","55.2","36.2","18.9","29.1","29.9"
2016,"R64","Purdue","B10",5,"4.4","0.9316","117.2","93.4","53.6","36.7","17.7","35.0","23.4"
2016,"S16","Indiana","B10",5,"3.2","0.9168","121.3","98.4","58.7","41.6","19.6","37.2","29.2"
2016,"R64","Arizona","P12",6,"3.4","0.9022","116.1","95.7","53.6","38.1","18.2","35.0","24.9"
2016,"R64","Seton Hall","BE",6,"5.3","0.9014","110.8","91.4","49.8","34.7","19.4","34.7","30.8"
2016,"R64","Texas","B12",6,"3.2","0.8627","112.2","95.6","49.4","34.1","15.4","30.7","32.0"
2016,"E8","Notre Dame","ACC",6,"2.3","0.8269","118.3","103.3","54.0","37.4","15.3","32.7","32.1"
2016,"S16","Wisconsin","B10",7,"0.4","0.8509","108.8","93.5","48.5","34.9","17.1","33.1","27.7"
2016,"R32","Iowa","B10",7,"2.0","0.8853","114.4","95.8","51.3","37.4","14.8","31.9","31.3"
2016,"R64","Dayton","A10",7,"2.4","0.8184","105.5","92.6","51.6","34.4","18.6","28.7","24.2"
2016,"R64","Oregon St.","P12",7,"0.3","0.7880","109.9","98.1","49.8","37.4","16.6","29.0","32.2"
2016,"R64","Texas Tech","B12",8,"1.3","0.8227","113.1","98.9","50.0","34.6","17.8","31.3","32.3"
2016,"R32","Saint Joseph's","A10",8,"3.4","0.8600","114.2","97.6","51.2","32.7","14.3","28.3","25.8"
2016,"R64","Colorado","P12",8,"0.7","0.8072","107.8","95.2","48.4","38.6","18.8","34.8","24.8"
2016,"R64","USC","P12",8,"0.2","0.8352","113.7","98.7","52.2","38.7","16.6","32.1","31.6"
2016,"R32","Providence","BE",9,"3.4","0.8193","108.7","95.4","48.0","32.1","16.1","30.4","30.3"
2016,"R32","Butler","BE",9,"2.0","0.8899","118.2","98.6","52.6","39.3","14.5","32.2","27.5"
2016,"R32","Connecticut","Amer",9,"1.2","0.8732","110.5","93.4","51.5","36.5","16.3","28.6","29.1"
2016,"R64","Cincinnati","Amer",9,"0.3","0.8660","110.0","93.5","49.3","34.8","16.3","36.7","30.6"
2016,"R64","Pittsburgh","ACC",10,"1.8","0.8659","113.9","96.9","51.1","35.0","17.5","36.9","27.5"
2016,"R32","VCU","A10",10,"-0.1","0.8811","112.1","94.2","51.0","35.2","16.3","33.2","27.7"
2016,"R64","Temple","Amer",10,"-0.1","0.7318","106.3","97.4","47.0","33.7","13.8","29.1","29.7"
2016,"F4","Syracuse","ACC",10,"-0.3","0.8857","111.9","93.6","50.0","36.0","18.1","33.5","35.3"
2016,"R64","Michigan","B10",11,"0.8","0.8200","113.4","99.4","54.5","38.0","14.5","24.8","26.4"
2016,"S16","Gonzaga","WCC",11,"2.1","0.9238","117.4","94.5","55.2","37.8","17.1","32.1","26.0"
2016,"R68","Vanderbilt","SEC",11,"-0.3","0.9148","114.5","93.2","52.9","38.2","16.8","27.2","29.3"
2016,"R32","Northern Iowa","MVC",11,"-2.1","0.8109","109.7","96.7","53.2","37.2","15.2","17.7","27.4"
2016,"R68","Tulsa","Amer",11,"-1.2","0.7486","109.5","99.6","50.3","32.6","15.6","28.0","30.5"
2016,"R32","Wichita St.","MVC",11,"0.2","0.9321","110.3","87.8","48.9","32.3","14.7","31.7","23.6"
2016,"R32","Arkansas Little Rock","SB",12,"2.1","0.7732","107.6","96.7","51.9","38.2","15.6","26.7","29.5"
2016,"R64","South Dakota St.","Sum",12,"-1.2","0.7370","110.5","101.1","51.3","36.1","17.1","32.4","25.5"
2016,"R32","Yale","Ivy",12,"-0.1","0.8209","109.1","95.6","52.2","36.0","19.9","39.3","24.3"
2016,"R64","Chattanooga","SC",12,"0.4","0.6286","105.6","100.8","51.7","35.6","18.0","32.3","29.0"
2016,"R64","Stony Brook","AE",13,"-1.1","0.6480","104.6","99.2","52.2","37.2","17.3","34.8","26.0"
2016,"R64","Iona","MAAC",13,"-3.6","0.6822","109.1","102.1","53.8","37.0","17.6","29.2","31.0"
2016,"R32","Hawaii","BW",13,"0.8","0.7945","106.9","95.0","51.9","32.2","18.1","30.4","26.4"
2016,"R64","UNC Wilmington","CAA",13,"-0.7","0.7186","109.5","100.9","51.2","34.4","15.9","32.1","30.1"
2016,"R64","Buffalo","MAC",14,"-5.8","0.5746","105.1","102.4","49.6","33.7","18.8","31.8","28.7"
2016,"R32","Stephen F. Austin","Slnd",14,"-1.2","0.8235","110.3","96.5","54.8","36.9","17.7","33.5","30.7"
2016,"R64","Green Bay","Horz",14,"-4.5","0.5729","106.9","104.2","49.8","35.0","15.8","30.9","32.0"
2016,"R64","Fresno St.","MWC",14,"-0.9","0.6646","106.3","100.1","48.4","34.4","15.1","30.0","29.7"
2016,"R64","Cal St. Bakersfield","WAC",15,"-3.5","0.7106","103.4","95.7","49.3","34.3","18.2","34.1","29.7"
2016,"R64","UNC Asheville","BSth",15,"-6.3","0.5487","101.2","99.4","49.6","32.1","18.6","31.6","29.3"
2016,"R64","Weber St.","BSky",15,"-3.7","0.5599","101.7","99.5","54.5","35.5","19.6","25.9","25.6"
2016,"R32","Middle Tennessee","CUSA",15,"-3.2","0.6224","103.9","99.5","51.7","39.2","17.1","28.7","25.7"
2016,"R68","Southern","SWAC",16,"-8.1","0.3065","98.9","106.2","48.5","33.8","16.3","28.1","31.2"
2016,"R64","Austin Peay","OVC",16,"-11.3","0.3501","103.4","109.1","51.3","34.7","20.2","31.9","30.0"
2016,"R64","Florida Gulf Coast","ASun",16,"-8.4","0.5136","102.9","102.4","51.5","34.2","17.2","31.7","27.5"
2016,"R64","Hampton","MEAC",16,"-6.3","0.2615","98.2","107.5","46.7","30.5","18.7","34.5","27.2"
2016,"R64","Holy Cross","Pat",16,"-14.5","0.2398","96.7","106.9","47.9","32.6","16.8","23.1","29.6"
2016,"R68","Fairleigh Dickinson","NEC",16,"-9.9","0.2090","103.0","115.6","51.2","36.4","17.7","28.4","35.8"
2017,"R32","Villanova","BE",1,"11.1","0.9611","122.2","92.5","57.5","36.9","17.1","30.2","27.8"
2017,"Champions","North Carolina","ACC",1,"8.4","0.9615","121.0","91.5","51.7","35.5","16.2","41.3","25.0"
2017,"E8","Kansas","B12",1,"11.0","0.9472","121.5","94.5","56.1","40.4","17.6","34.1","29.7"
2017,"2ND","Gonzaga","WCC",1,"7.7","0.9728","117.8","86.3","56.6","38.2","16.2","30.0","26.2"
2017,"E8","Kentucky","SEC",2,"9.0","0.9517","118.3","91.3","52.9","35.3","15.7","33.5","27.7"
2017,"R32","Louisville","ACC",2,"6.9","0.9469","117.6","91.5","51.4","35.5","16.0","36.7","28.5"
2017,"R32","Duke","ACC",2,"8.6","0.9436","122.1","95.6","54.8","37.9","16.3","31.7","29.8"
2017,"S16","Arizona","P12",2,"7.9","0.9157","117.6","95.6","53.7","39.0","16.6","33.2","26.0"
2017,"R32","Florida St.","ACC",3,"5.9","0.9014","115.4","95.2","53.7","34.7","16.4","33.8","29.8"
2017,"F4","Oregon","P12",3,"6.0","0.9321","117.8","93.8","55.5","38.0","17.1","32.4","29.5"
2017,"S16","UCLA","P12",3,"6.6","0.9175","122.8","99.6","59.8","40.6","15.1","29.1","28.6"
2017,"S16","Baylor","B12",3,"7.9","0.9226","116.4","93.9","52.5","35.3","20.6","39.8","29.4"
2017,"S16","Butler","BE",4,"5.5","0.9038","117.7","96.9","54.6","36.6","15.0","27.2","27.0"
2017,"E8","Florida","SEC",4,"6.4","0.9576","116.6","88.9","51.6","35.9","16.9","32.1","29.5"
2017,"S16","West Virginia","B12",4,"6.4","0.9498","115.4","89.3","51.3","36.2","17.0","37.9","31.9"
2017,"S16","Purdue","B10",4,"5.6","0.9297","116.6","93.1","55.7","40.3","18.3","30.8","24.4"
2017,"R32","Notre Dame","ACC",5,"5.9","0.9205","119.3","96.4","53.6","38.4","14.0","27.3","30.8"
2017,"R64","Minnesota","B10",5,"3.7","0.8665","109.3","92.9","48.7","34.3","16.1","29.7","30.2"
2017,"R32","Virginia","ACC",5,"5.0","0.9477","111.8","86.9","52.4","38.5","15.6","28.3","24.5"
2017,"R32","Iowa St.","B12",5,"6.5","0.9265","120.0","96.2","55.0","40.0","14.1","25.7","31.6"
2017,"R64","Maryland","B10",6,"3.7","0.8448","113.4","97.9","52.4","36.3","19.0","30.4","32.3"
2017,"R64","Creighton","BE",6,"4.3","0.8931","114.5","95.2","57.6","39.8","17.1","24.2","29.6"
2017,"R32","Cincinnati","Amer",6,"5.6","0.9292","115.2","92.1","52.0","34.5","15.3","35.5","29.4"
2017,"R64","SMU","Amer",6,"6.4","0.9426","120.0","94.1","54.6","40.6","16.9","37.2","26.4"
2017,"S16","Michigan","B10",7,"3.8","0.9366","123.3","97.6","57.0","38.5","14.2","24.7","30.0"
2017,"F4","South Carolina","SEC",7,"1.7","0.9083","108.7","89.0","47.3","33.4","18.4","34.0","31.6"
2017,"R64","Dayton","A10",7,"1.5","0.8333","111.6","97.0","53.6","38.4","16.9","25.6","27.4"
2017,"R32","Saint Mary's","WCC",7,"3.9","0.9334","118.0","93.8","57.8","39.4","17.5","33.1","21.9"
2017,"R64","Miami FL","ACC",8,"2.9","0.8804","110.8","93.1","51.0","35.6","19.5","33.4","28.2"
2017,"R32","Northwestern","B10",8,"2.0","0.8564","111.2","95.2","49.7","34.2","16.0","30.8","30.6"
2017,"S16","Wisconsin","B10",8,"5.1","0.9255","114.5","92.0","52.1","35.9","17.0","35.9","25.9"
2017,"R32","Arkansas","SEC",8,"3.9","0.8339","114.9","99.8","51.4","36.5","16.6","31.9","34.2"
2017,"R32","Michigan St.","B10",9,"0.4","0.8661","111.6","94.9","54.0","37.3","20.5","29.2","27.3"
2017,"R64","Virginia Tech","ACC",9,"3.3","0.8401","118.4","102.5","56.9","40.3","17.2","23.4","30.5"
2017,"R64","Seton Hall","BE",9,"2.7","0.8178","108.9","95.6","49.9","33.8","19.5","35.7","25.4"
2017,"R64","Vanderbilt","SEC",9,"0.1","0.8898","112.5","93.8","52.1","37.6","18.2","24.8","27.0"
2017,"R64","VCU","A10",10,"1.3","0.7988","108.1","95.9","51.0","33.1","17.8","31.3","27.5"
2017,"R64","Marquette","BE",10,"0.6","0.8881","121.8","101.8","57.5","42.9","17.3","27.1","29.2"
2017,"R64","Oklahoma St.","B12",10,"3.3","0.9221","126.8","102.3","54.0","40.3","18.2","38.3","31.9"
2017,"R32","Wichita St.","MVC",10,"4.1","0.9403","117.2","92.2","54.2","40.2","16.2","34.2","24.2"
2017,"R68","Wake Forest","ACC",11,"1.3","0.8831","122.4","102.6","54.1","38.5","16.4","30.7","27.7"
2017,"R68","Providence","BE",11,"0.6","0.8278","108.3","94.5","51.4","37.1","18.4","26.4","28.6"
2017,"R32","Rhode Island","A10",11,"0.4","0.8717","111.1","94.1","50.8","33.3","16.4","32.8","29.7"
2017,"E8","Xavier","BE",11,"1.6","0.8713","115.6","97.9","51.9","34.5","18.4","34.5","25.5"
2017,"R32","USC","P12",11,"1.3","0.7966","113.3","100.6","52.2","36.2","15.7","31.0","31.4"
2017,"R64","Kansas St.","B12",11,"1.7","0.8818","112.2","94.2","52.7","36.2","19.1","29.5","32.3"
2017,"R64","UNC Wilmington","CAA",12,"1.5","0.7881","117.7","105.0","55.0","36.1","13.9","32.5","28.5"
2017,"R64","Nevada","MWC",12,"1.7","0.8021","113.7","100.7","52.5","38.2","15.5","30.4","26.3"
2017,"R64","Princeton","Ivy",12,"-0.4","0.7989","107.6","95.4","53.2","37.6","15.2","24.1","24.7"
2017,"R32","Middle Tennessee","CUSA",12,"2.0","0.8339","111.2","96.6","54.1","36.9","15.6","30.1","23.8"
2017,"R64","Winthrop","BSth",13,"-1.8","0.6106","105.3","101.3","53.5","37.9","17.8","26.3","28.4"
2017,"R64","East Tennessee St.","SC",13,"-0.7","0.7595","107.3","97.1","55.8","38.2","20.8","30.1","27.4"
2017,"R64","Vermont","AE",13,"0.7","0.7864","110.0","98.2","55.3","36.7","17.0","29.8","27.1"
2017,"R64","Bucknell","Pat",13,"-2.1","0.7352","108.3","99.1","55.3","37.9","18.9","26.8","27.9"
2017,"R64","New Mexico St.","WAC",14,"-0.2","0.6783","109.4","102.5","52.7","33.5","19.5","35.6","28.5"
2017,"R64","Florida Gulf Coast","ASun",14,"-1.7","0.6169","107.8","103.4","53.9","33.7","17.9","33.8","29.6"
2017,"R64","Iona","MAAC",14,"-5.8","0.5879","109.3","106.0","53.4","39.7","16.5","27.0","32.1"
2017,"R64","Kent St.","MAC",14,"-7.2","0.5322","104.1","102.9","48.2","31.7","17.9","38.1","29.8"
2017,"R64","Northern Kentucky","Horz",15,"-4.9","0.5370","105.5","104.1","52.4","35.7","18.8","31.2","26.4"
2017,"R64","North Dakota","BSky",15,"-5.3","0.5112","103.1","102.7","53.4","38.7","18.3","26.0","27.8"
2017,"R64","Troy","SB",15,"-8.1","0.5596","108.8","106.6","51.6","35.1","17.8","30.8","29.8"
2017,"R64","Jacksonville St.","OVC",15,"-8.0","0.5054","104.4","104.2","52.6","37.2","20.7","31.2","28.5"
2017,"R68","North Carolina Central","MEAC",16,"-5.1","0.5043","101.4","101.3","51.3","32.7","17.8","31.6","31.2"
2017,"R64","South Dakota St.","Sum",16,"-9.8","0.4612","108.2","109.7","53.2","35.8","18.4","27.1","28.9"
2017,"R64","UC Davis","BW",16,"-7.5","0.4033","97.4","100.8","48.4","34.5","20.3","29.1","28.3"
2017,"R64","Mount St. Mary's","NEC",16,"-7.9","0.4155","98.9","101.8","51.0","35.8","19.2","23.1","34.8"
2017,"R68","New Orleans","Slnd",16,"-6.3","0.4538","99.6","101.2","50.2","30.7","23.7","36.1","32.6"
2017,"R64","Texas Southern","SWAC",16,"-4.4","0.3437","100.6","106.5","48.1","29.6","16.6","31.7","34.9"
2018,"R32","Xavier","BE",1,"8.8","0.9211","120.9","97.7","55.9","37.2","17.2","30.2","23.1"
2018,"F4","Kansas","B12",1,"8.2","0.9385","122.1","96.4","57.5","40.1","16.6","29.4","31.2"
2018,"Champions","Villanova","BE",1,"10.6","0.9725","128.4","94.1","59.5","40.1","15.0","29.6","27.1"
2018,"R64","Virginia","ACC",1,"11.3","0.9612","114.6","86.7","52.7","38.3","14.0","27.0","25.6"
2018,"R32","North Carolina","ACC",2,"7.1","0.9242","120.7","97.1","52.0","35.9","16.7","37.4","25.5"
2018,"E8","Duke","ACC",2,"6.6","0.9592","122.3","92.9","55.9","37.2","17.5","38.8","30.0"
2018,"S16","Purdue","B10",2,"7.6","0.9484","123.2","95.7","57.7","42.0","15.8","28.0","28.0"
2018,"R32","Cincinnati","Amer",2,"5.9","0.9417","111.6","87.7","51.2","35.3","17.0","38.5","28.2"
2018,"E8","Texas Tech","B12",3,"4.7","0.9170","112.7","91.5","52.0","35.9","17.8","32.9","28.7"
2018,"R32","Tennessee","SEC",3,"6.4","0.9225","114.2","92.0","50.8","38.0","17.9","33.4","31.1"
2018,"2ND","Michigan","B10",3,"6.9","0.9375","114.4","90.4","53.9","35.2","14.0","25.5","24.9"
2018,"R32","Michigan St.","B10",3,"8.0","0.9347","118.9","94.3","56.9","40.1","19.2","37.0","26.6"
2018,"R32","Auburn","SEC",4,"4.3","0.8672","114.0","96.9","50.8","35.7","16.4","32.1","28.0"
2018,"R64","Wichita St.","Amer",4,"3.4","0.8671","120.9","102.7","55.1","38.1","16.5","35.4","22.6"
2018,"S16","Gonzaga","WCC",4,"4.9","0.9192","117.2","94.9","57.0","36.8","16.1","33.0","23.1"
2018,"R64","Arizona","P12",4,"3.8","0.8528","117.0","100.4","56.3","36.9","17.5","33.2","25.1"
2018,"R32","Ohio St.","B10",5,"4.5","0.9154","116.0","94.3","54.1","35.3","17.1","30.2","25.2"
2018,"S16","West Virginia","B12",5,"4.6","0.9353","120.9","95.8","50.4","35.3","16.5","37.0","30.1"
2018,"S16","Kentucky","SEC",5,"4.3","0.9000","115.8","95.6","51.8","35.7","18.6","35.7","31.0"
2018,"S16","Clemson","ACC",5,"3.9","0.8984","112.5","93.1","52.9","36.6","17.4","27.2","26.3"
2018,"R64","Miami FL","ACC",6,"2.7","0.8623","113.3","96.6","53.1","36.4","16.8","29.1","28.2"
2018,"R32","Florida","SEC",6,"1.4","0.9132","115.2","93.9","50.8","37.0","14.3","28.7","30.5"
2018,"R64","TCU","B12",6,"2.2","0.8804","119.5","100.5","56.5","39.4","17.8","34.2","26.1"
2018,"R32","Houston","Amer",6,"2.4","0.9097","114.8","93.9","53.3","38.7","17.5","33.8","25.8"
2018,"R64","Arkansas","SEC",7,"2.8","0.8483","116.7","100.4","53.8","39.5","15.1","28.8","31.7"
2018,"S16","Nevada","MWC",7,"2.5","0.8462","118.9","102.5","54.8","39.2","13.5","26.7","29.3"
2018,"R32","Rhode Island","A10",7,"1.6","0.7988","109.7","97.3","51.1","35.2","15.3","31.0","28.2"
2018,"S16","Texas A&M","SEC",7,"1.9","0.8640","111.2","94.7","51.4","32.9","19.2","33.9","27.3"
2018,"R64","Missouri","SEC",8,"0.4","0.8420","111.0","96.0","54.1","39.0","20.8","30.3","27.9"
2018,"R64","Creighton","BE",8,"2.0","0.8836","116.2","97.4","57.4","37.2","15.6","22.5","24.6"
2018,"R32","Seton Hall","BE",8,"2.5","0.8902","117.8","98.2","52.9","36.5","17.8","34.3","28.4"
2018,"R64","Virginia Tech","ACC",8,"1.3","0.8579","115.2","98.6","57.7","38.8","17.0","23.9","29.4"
2018,"R64","North Carolina St.","ACC",9,"0.9","0.8210","115.6","101.3","53.4","37.2","16.8","33.4","32.0"
2018,"R32","Alabama","SEC",9,"-1.1","0.8074","107.9","95.3","51.9","32.6","20.3","29.4","30.9"
2018,"E8","Kansas St.","B12",9,"2.5","0.8584","109.6","93.7","52.6","34.1","17.2","25.9","31.9"
2018,"E8","Florida St.","ACC",9,"0.9","0.8631","113.2","96.4","53.2","35.0","17.8","32.3","29.8"
2018,"R64","Providence","BE",10,"1.9","0.8027","108.4","95.9","49.6","33.2","17.4","28.9","29.0"
2018,"R32","Butler","BE",10,"1.7","0.9068","116.1","95.3","54.0","35.7","15.7","27.6","24.6"
2018,"R64","Texas","B12",10,"1.4","0.8547","109.3","93.7","50.0","32.0","17.0","29.4","29.1"
2018,"R64","Oklahoma","B12",10,"1.1","0.8350","114.6","99.5","53.5","35.9","17.3","28.4","30.0"
2018,"R68","UCLA","P12",11,"0.0","0.8029","113.7","100.6","53.7","38.1","16.6","28.5","26.9"
2018,"S16","Syracuse","ACC",11,"-0.4","0.8344","106.0","92.1","46.9","31.7","19.1","34.7","30.4"
2018,"R64","San Diego St.","MWC",11,"-1.5","0.8486","110.2","94.9","51.7","34.1","17.0","31.6","25.0"
2018,"F4","Loyola Chicago","MVC",11,"2.0","0.8444","110.5","95.4","57.7","39.8","19.1","22.1","25.9"
2018,"R64","St. Bonaventure","A10",11,"1.4","0.7485","109.6","99.7","51.6","38.6","16.3","29.3","29.1"
2018,"R68","Arizona St.","P12",11,"-1.2","0.8089","115.7","102.1","53.8","36.4","14.7","28.0","30.6"
2018,"R64","New Mexico St.","WAC",12,"1.3","0.7927","106.8","95.0","51.6","34.0","17.4","33.8","22.5"
2018,"R64","Murray St.","OVC",12,"-0.4","0.7449","110.6","100.8","55.0","37.2","17.6","32.9","27.6"
2018,"R64","Davidson","A10",12,"-2.9","0.8230","117.0","102.3","57.4","38.9","14.5","22.6","23.4"
2018,"R64","South Dakota St.","Sum",12,"0.6","0.7989","113.2","100.4","54.3","39.3","14.0","24.6","23.3"
2018,"R64","College of Charleston","CAA",13,"-2.1","0.5685","106.8","104.3","52.7","35.9","15.1","25.5","27.9"
2018,"R32","Buffalo","MAC",13,"-1.3","0.7761","114.5","102.7","54.8","37.1","16.5","31.9","29.1"
2018,"R32","Marshall","CUSA",13,"-2.5","0.6633","108.8","102.5","54.7","35.9","17.2","22.4","32.3"
2018,"R64","UNC Greensboro","SC",13,"-1.6","0.7207","103.4","95.2","51.7","35.0","19.8","33.7","23.9"
2018,"R64","Wright St.","Horz",14,"-3.5","0.5638","99.4","97.2","48.6","33.5","18.6","28.7","25.3"
2018,"R64","Montana","BSky",14,"-1.1","0.7184","106.7","98.4","51.2","33.7","17.4","33.5","26.1"
2018,"R64","Stephen F. Austin","Slnd",14,"-1.8","0.6832","103.8","97.1","53.1","37.4","20.7","32.0","28.5"
2018,"R64","Bucknell","Pat",14,"-3.0","0.6760","108.0","101.3","53.9","34.8","17.0","27.0","27.5"
2018,"R64","Cal St. Fullerton","BW",15,"-5.5","0.4760","101.6","102.5","51.6","33.8","20.7","26.0","28.9"
2018,"R64","Georgia St.","SB",15,"-5.1","0.6894","108.8","101.5","53.9","38.7","16.7","25.6","33.4"
2018,"R64","Lipscomb","ASun",15,"-3.2","0.5375","103.2","101.8","51.5","32.7","20.0","27.4","24.3"
2018,"R64","Iona","MAAC",15,"-7.3","0.5333","108.8","107.6","53.9","38.3","16.0","24.5","30.8"
2018,"R68","North Carolina Central","MEAC",16,"-12.0","0.1522","95.0","110.3","50.4","32.3","20.8","32.9","29.7"
2018,"R32","UMBC","AE",16,"-4.9","0.4963","102.1","102.2","52.2","38.2","17.2","25.9","28.3"
2018,"R68","LIU Brooklyn","NEC",16,"-13.2","0.2937","101.9","109.9","52.1","34.6","19.5","29.4","29.8"
2018,"R64","Penn","Ivy",16,"-3.3","0.6644","103.6","97.6","52.9","34.8","16.6","23.8","22.6"
2018,"R64","Texas Southern","SWAC",16,"-10.9","0.2930","104.1","112.4","50.5","35.9","17.2","28.5","32.5"
2018,"R64","Radford","BSth",16,"-6.5","0.4559","101.3","102.8","49.3","35.0","18.7","32.0","28.0"
2019,"E8","Gonzaga","WCC",1,"7.0","0.9744","123.4","89.9","59.0","36.3","14.9","31.5","26.8"
2019,"S16","North Carolina","ACC",1,"10.0","0.9582","120.1","91.4","52.9","36.2","17.2","35.3","22.8"
2019,"E8","Duke","ACC",1,"11.2","0.9646","118.9","89.2","53.6","30.8","17.5","35.6","29.5"
2019,"Champions","Virginia","ACC",1,"11.1","0.9736","123.0","89.9","55.2","39.5","14.7","30.4","25.4"
2019,"E8","Kentucky","SEC",2,"8.8","0.9568","117.5","89.8","53.0","35.4","18.6","36.8","25.5"
2019,"S16","Michigan","B10",2,"9.2","0.9665","114.6","85.6","51.6","34.2","13.9","24.7","24.8"
2019,"F4","Michigan St.","B10",2,"10.7","0.9597","119.9","91.0","55.2","37.8","18.5","33.9","26.4"
2019,"S16","Tennessee","SEC",2,"9.9","0.9488","122.8","95.2","55.3","36.7","15.8","31.6","30.2"
2019,"2ND","Texas Tech","B12",3,"7.0","0.9696","115.2","85.2","53.5","36.5","17.7","27.4","28.7"
2019,"S16","Houston","Amer",3,"7.8","0.9439","115.7","90.5","52.1","35.5","16.5","34.4","26.0"
2019,"S16","LSU","SEC",3,"7.3","0.9081","117.9","96.6","51.2","31.9","17.9","36.7","30.8"
2019,"E8","Purdue","B10",3,"6.1","0.9539","122.8","94.3","53.6","37.4","15.8","34.5","27.0"
2019,"R32","Kansas","B12",4,"8.3","0.9092","112.9","92.4","52.6","35.0","18.8","30.1","27.9"
2019,"S16","Virginia Tech","ACC",4,"5.0","0.9357","117.8","93.4","55.6","39.4","17.3","29.6","27.2"
2019,"R64","Kansas St.","B12",4,"6.5","0.9151","108.0","87.8","49.4","33.4","17.4","28.3","25.7"
2019,"S16","Florida St.","ACC",4,"7.6","0.9146","111.7","90.9","50.5","33.2","18.9","32.8","27.0"
2019,"F4","Auburn","SEC",5,"6.1","0.9420","121.3","95.2","54.4","38.1","16.8","31.6","32.8"
2019,"R64","Marquette","BE",5,"2.7","0.8524","111.7","95.9","53.5","38.8","19.4","29.4","26.1"
2019,"R64","Wisconsin","B10",5,"6.3","0.9089","108.2","88.6","51.1","35.9","14.6","24.5","26.5"
2019,"R64","Mississippi St.","SEC",5,"4.5","0.8980","116.9","96.8","54.6","37.7","19.2","34.7","29.6"
2019,"R32","Buffalo","MAC",6,"5.5","0.8819","113.6","95.3","53.4","33.7","16.0","31.7","26.9"
2019,"R64","Iowa St.","B12",6,"4.3","0.9120","118.4","96.6","54.7","36.2","16.3","28.3","30.1"
2019,"R32","Villanova","BE",6,"3.6","0.8448","114.6","98.9","53.2","35.2","16.9","30.3","27.7"
2019,"R32","Maryland","B10",6,"4.2","0.8875","111.6","93.3","51.4","34.9","19.4","34.1","24.8"
2019,"R64","Nevada","MWC",7,"3.8","0.8618","112.5","95.9","53.7","34.7","14.6","27.2","24.9"
2019,"R64","Cincinnati","Amer",7,"5.8","0.8871","112.3","93.8","49.0","34.5","16.0","37.4","29.3"
2019,"R32","Wofford","SC",7,"4.0","0.8892","116.4","97.1","57.5","41.4","16.1","31.8","25.2"
2019,"R64","Louisville","ACC",7,"2.3","0.9023","112.9","93.1","50.9","34.2","17.5","29.1","25.9"
2019,"R64","Utah St.","MWC",8,"2.0","0.8329","111.3","96.8","53.9","35.7","18.2","32.0","22.3"
2019,"R64","Syracuse","ACC",8,"0.4","0.8622","110.5","94.2","49.6","33.3","18.5","30.2","33.4"
2019,"R64","Mississippi","SEC",8,"0.9","0.8433","113.3","97.9","53.1","35.8","18.2","30.2","29.3"
2019,"R64","VCU","A10",8,"1.1","0.8838","104.6","87.6","50.1","30.5","20.0","31.0","30.6"
2019,"R32","Baylor","B12",9,"0.9","0.8400","114.6","99.2","51.2","34.1","19.7","37.9","29.4"
2019,"R32","UCF","Amer",9,"2.0","0.8980","112.7","93.3","52.9","36.5","17.6","29.5","29.6"
2019,"R32","Oklahoma","B12",9,"2.5","0.8780","110.5","93.1","50.4","34.6","17.0","25.8","27.8"
2019,"R32","Washington","P12",9,"3.1","0.8097","105.6","93.1","52.1","35.0","19.8","29.1","34.9"
2019,"R32","Minnesota","B10",10,"2.7","0.8284","110.4","96.3","48.2","31.7","17.1","31.4","28.4"
2019,"R32","Iowa","B10",10,"3.2","0.8385","116.1","100.6","52.7","36.4","17.2","29.8","29.4"
2019,"R32","Florida","SEC",10,"0.7","0.8947","110.3","91.6","49.8","33.4","17.9","30.6","32.2"
2019,"R64","Seton Hall","BE",10,"-0.4","0.7749","107.9","96.9","49.9","32.4","17.5","29.5","29.2"
2019,"R68","Temple","Amer",11,"1.8","0.7866","109.4","97.6","49.9","33.0","15.7","26.9","29.2"
2019,"R32","Ohio St.","B10",11,"0.9","0.8329","107.8","93.8","50.3","34.1","18.7","27.6","25.9"
2019,"R64","Saint Mary's","WCC",11,"-0.8","0.8637","113.1","96.3","53.8","37.8","16.2","31.2","23.0"
2019,"R68","St. John's","BE",11,"-1.2","0.7067","107.4","99.5","51.9","35.8","14.3","21.8","29.4"
2019,"R64","Belmont","OVC",11,"1.2","0.8138","114.9","101.0","57.6","37.0","15.2","25.3","25.0"
2019,"R64","Arizona St.","P12",11,"0.1","0.7750","108.7","97.6","50.6","33.6","18.7","31.7","26.9"
2019,"R32","Liberty","BSth",12,"-0.6","0.7428","109.2","99.6","55.9","36.8","17.2","25.2","26.4"
2019,"R64","New Mexico St.","WAC",12,"1.4","0.8155","111.8","98.2","54.1","34.0","17.8","37.0","22.5"
2019,"S16","Oregon","P12",12,"-1.1","0.8687","108.1","91.7","52.0","35.1","17.8","29.6","28.8"
2019,"R32","Murray St.","OVC",12,"1.2","0.7852","110.4","98.6","54.8","34.9","17.2","32.0","30.7"
2019,"R64","Vermont","AE",13,"-1.0","0.7324","107.0","98.1","52.6","35.9","16.8","27.3","22.2"
2019,"R64","Saint Louis","A10",13,"-3.2","0.6599","101.3","95.7","46.7","30.4","19.3","36.0","25.1"
2019,"R32","UC Irvine","BW",13,"0.7","0.7458","107.2","97.6","51.3","35.9","17.5","33.7","27.0"
2019,"R64","Northeastern","CAA",13,"-2.8","0.6712","109.1","102.5","56.5","38.2","16.6","22.7","24.6"
2019,"R64","Yale","Ivy",14,"-0.9","0.7034","110.5","102.5","55.6","36.5","17.8","26.3","24.6"
2019,"R64","Old Dominion","CUSA",14,"-1.8","0.6339","99.3","94.6","47.2","34.9","17.8","32.1","24.8"
2019,"R64","Northern Kentucky","Horz",14,"-2.2","0.6719","107.8","101.3","54.6","36.0","17.8","30.6","26.0"
2019,"R64","Georgia St.","SB",14,"-1.3","0.6418","106.4","101.1","53.7","38.1","16.4","23.0","33.8"
2019,"R64","Montana","BSky",15,"-3.2","0.5812","106.2","103.2","56.1","37.8","17.3","27.4","24.9"
2019,"R64","Bradley","MVC",15,"-7.9","0.5170","101.1","100.5","49.7","37.0","18.8","26.7","26.7"
2019,"R64","Abilene Christian","Slnd",15,"-2.6","0.5064","100.9","100.7","51.9","37.7","17.3","27.0","28.5"
2019,"R64","Colgate","Pat",15,"-4.4","0.5961","109.1","105.5","55.9","39.5","19.3","30.2","27.1"
2019,"R64","Gardner Webb","BSth",16,"-5.0","0.4852","106.0","106.6","54.8","37.7","17.1","22.4","31.3"
2019,"R64","North Dakota St.","Sum",16,"-8.6","0.4369","106.6","109.0","53.5","36.7","15.7","20.7","25.9"
2019,"R68","Prairie View A&M","SWAC",16,"-7.1","0.3911","101.7","105.7","49.0","32.4","17.4","29.7","34.3"
2019,"R64","Fairleigh Dickinson","NEC",16,"-9.3","0.3494","104.5","110.3","54.2","40.1","19.7","29.5","33.2"
2019,"R64","Iona","MAAC",16,"-10.4","0.4044","105.2","108.8","53.0","35.1","17.3","25.1","30.7"
2019,"R68","North Carolina Central","MEAC",16,"-10.9","0.2414","98.0","108.3","49.9","31.5","22.7","34.8","26.9"
2021,"R32","Illinois","B10",1,"8.9","0.9539","117.7","90.4","55.6","37.6","18.2","33.0","22.2"
2021,"E8","Michigan","B10",1,"7.2","0.9521","118.1","91.1","54.9","38.7","16.3","29.4","24.8"
2021,"2ND","Gonzaga","WCC",1,"8.5","0.9791","125.4","89.8","61.0","36.5","16.1","30.4","23.4"
2021,"Champions","Baylor","B12",1,"6.6","0.9548","123.2","94.5","57.5","41.8","17.6","37.5","30.9"
2021,"R32","Iowa","B10",2,"5.6","0.9491","123.5","95.7","54.6","38.6","13.3","30.7","28.6"
2021,"F4","Houston","Amer",2,"4.0","0.9626","120.6","90.9","51.3","35.5","16.3","39.4","28.0"
2021,"R64","Ohio St.","B10",2,"6.0","0.9340","122.1","97.0","53.1","36.5","15.3","29.1","27.4"
2021,"S16","Alabama","SEC",2,"6.8","0.9343","111.0","88.1","51.3","35.1","18.6","31.5","29.8"
2021,"R32","West Virginia","B12",3,"3.0","0.9046","115.9","95.3","48.7","35.7","17.0","35.6","31.3"
2021,"R32","Kansas","B12",3,"4.2","0.8964","108.5","90.0","49.8","33.8","17.7","30.9","26.9"
2021,"E8","Arkansas","SEC",3,"4.6","0.8997","110.4","91.2","51.5","33.9","17.4","31.7","26.2"
2021,"R64","Texas","B12",3,"4.2","0.9058","113.8","93.5","52.9","35.7","20.2","31.3","26.9"
2021,"S16","Florida St.","ACC",4,"2.5","0.9305","117.8","94.0","54.4","39.0","20.1","35.4","31.4"
2021,"R64","Purdue","B10",4,"3.8","0.8994","112.4","92.9","51.4","33.5","18.7","32.2","24.1"
2021,"R64","Virginia","ACC",4,"3.4","0.9079","114.6","93.9","56.1","38.1","15.4","23.1","22.6"
2021,"R32","Oklahoma St.","B12",4,"4.6","0.8750","109.3","92.3","52.1","33.8","21.4","31.9","30.2"
2021,"S16","Creighton","BE",5,"3.5","0.9025","114.4","94.3","55.7","36.7","15.8","24.8","28.2"
2021,"S16","Villanova","BE",5,"3.2","0.9076","117.9","96.7","52.8","35.2","13.5","27.9","24.8"
2021,"R32","Colorado","P12",5,"2.6","0.9045","113.7","93.5","52.0","36.7","16.8","30.9","25.6"
2021,"R64","Tennessee","SEC",5,"2.4","0.9072","108.8","89.2","50.1","33.8","18.2","31.4","28.6"
2021,"R64","San Diego St.","MWC",6,"2.8","0.9191","111.1","90.0","52.7","37.5","16.9","29.9","24.4"
2021,"E8","USC","P12",6,"3.6","0.9052","112.0","92.0","52.1","34.8","18.1","35.7","27.3"
2021,"R32","Texas Tech","B12",6,"0.9","0.9057","112.3","92.2","49.7","34.7","16.2","33.8","29.7"
2021,"R64","BYU","WCC",6,"3.3","0.8991","112.8","93.3","55.0","37.3","19.0","28.6","23.3"
2021,"R64","Connecticut","BE",7,"2.1","0.9188","114.6","92.8","49.5","33.6","17.6","36.9","29.8"
2021,"R64","Clemson","ACC",7,"2.9","0.8374","105.9","91.9","50.4","34.6","19.5","26.6","26.6"
2021,"R32","Florida","SEC",7,"1.4","0.8748","110.6","93.4","52.5","35.7","20.7","30.7","31.5"
2021,"S16","Oregon","P12",7,"3.0","0.8350","113.1","98.2","54.4","37.9","16.8","28.3","27.2"
2021,"R32","LSU","SEC",8,"2.4","0.8868","119.3","99.8","52.8","35.0","16.1","31.5","32.8"
2021,"S16","Loyola Chicago","MVC",8,"1.7","0.9136","108.5","88.3","56.3","35.7","18.5","26.0","21.0"
2021,"R32","Oklahoma","B12",8,"0.3","0.8642","111.0","94.5","50.8","33.8","15.8","27.3","27.5"
2021,"R64","North Carolina","ACC",8,"2.3","0.8777","108.8","91.6","48.5","31.7","20.5","41.2","26.3"
2021,"R32","Wisconsin","B10",9,"2.2","0.9163","111.3","90.4","49.4","36.0","13.5","23.7","25.1"
2021,"R64","Missouri","SEC",9,"2.1","0.8599","111.3","95.0","50.9","32.0","18.9","28.6","29.2"
2021,"R64","Georgia Tech","ACC",9,"1.9","0.8820","113.0","94.8","53.9","34.9","15.9","24.8","29.7"
2021,"R64","St. Bonaventure","A10",9,"2.1","0.8864","111.1","92.9","50.5","35.4","16.9","33.6","28.4"
2021,"R32","Rutgers","B10",10,"1.9","0.8470","106.7","91.9","50.2","31.1","16.4","27.4","29.1"
2021,"R64","Virginia Tech","ACC",10,"0.9","0.8426","109.3","94.5","52.5","35.7","17.3","28.4","24.3"
2021,"R64","VCU","A10",10,"1.3","0.8540","104.6","89.7","50.9","32.9","20.6","28.3","31.3"
2021,"R32","Maryland","B10",10,"0.2","0.8735","110.0","93.0","52.6","34.9","16.8","20.9","24.8"
2021,"F4","UCLA","P12",11,"1.0","0.8350","112.3","97.5","52.0","36.7","16.6","30.4","24.4"
2021,"R64","Utah St.","MWC",11,"-1.1","0.8569","105.2","90.0","49.8","33.6","19.7","35.3","21.3"
2021,"R68","Wichita St.","Amer",11,"1.3","0.7823","109.6","98.1","47.6","34.5","15.9","29.8","33.4"
2021,"R64","Drake","MVC",11,"1.5","0.7508","111.8","101.6","54.5","36.6","15.2","31.6","24.9"
2021,"S16","Syracuse","ACC",11,"0.5","0.8402","112.8","97.6","50.7","33.7","16.0","30.1","33.5"
2021,"R68","Michigan St.","B10",11,"1.4","0.8054","105.8","93.5","47.9","32.0","18.9","30.4","26.1"
2021,"R64","UC Santa Barbara","BW",12,"-0.2","0.7615","107.9","97.6","53.0","34.8","16.5","28.2","24.5"
2021,"R64","Winthrop","BSth",12,"0.9","0.6975","104.2","96.9","53.0","35.3","19.5","35.6","22.2"
2021,"E8","Oregon St.","P12",12,"-1.6","0.7289","108.5","99.6","48.7","34.6","17.2","29.8","29.4"
2021,"R64","Georgetown","BE",12,"-1.0","0.8516","108.5","93.2","49.6","36.6","21.7","32.4","27.3"
2021,"R64","Liberty","ASun",13,"-1.7","0.6969","109.1","101.5","57.4","38.8","15.6","23.1","22.4"
2021,"R64","UNC Greensboro","SC",13,"-3.5","0.6353","102.3","97.5","48.2","30.0","15.6","32.4","25.9"
2021,"R32","North Texas","CUSA",13,"-2.5","0.7578","104.4","94.6","54.0","37.3","20.4","27.9","26.9"
2021,"R32","Ohio","MAC",13,"-2.0","0.7715","111.9","100.7","55.8","36.6","17.0","28.7","27.4"
2021,"R64","Colgate","Pat",14,"0.3","0.7641","110.8","100.0","57.1","40.2","13.8","27.9","25.6"
2021,"R32","Abilene Christian","Slnd",14,"-1.1","0.6977","101.8","94.7","52.9","37.7","19.4","30.6","27.9"
2021,"R64","Morehead St.","OVC",14,"-2.0","0.5778","99.3","96.7","51.9","34.7","22.9","31.3","24.9"
2021,"R64","Eastern Washington","BSky",14,"-3.6","0.6729","107.7","101.1","54.1","35.9","16.5","23.9","25.8"
2021,"R64","Cleveland St.","Horz",15,"-2.7","0.4785","99.9","100.7","50.6","31.9","18.5","30.9","31.8"
2021,"R64","Grand Canyon","WAC",15,"-3.2","0.6852","102.7","96.0","53.0","32.2","20.4","32.4","22.6"
2021,"R64","Iona","MAAC",15,"-3.2","0.5450","101.1","99.5","51.2","35.5","22.4","33.4","26.1"
2021,"S16","Oral Roberts","Sum",15,"-5.1","0.4981","107.0","107.1","53.6","38.8","15.7","23.2","33.0"
2021,"R64","Drexel","CAA",16,"-4.5","0.5768","107.9","105.0","54.3","37.2","19.6","29.4","24.3"
2021,"R68","Appalachian St.","SB",16,"-7.7","0.3512","99.0","104.4","47.7","32.6","17.5","27.8","30.6"
2021,"R64","Texas Southern","SWAC",16,"-4.5","0.3307","97.3","103.5","48.3","27.7","21.4","32.9","25.7"
2021,"R64","Hartford","AE",16,"-4.9","0.4345","97.3","99.6","50.4","32.7","19.0","24.8","28.6"
2021,"R64","Norfolk St.","MEAC",16,"-5.0","0.3698","99.4","104.1","49.7","37.4","17.8","28.8","28.7"
2021,"R68","Mount St. Mary's","NEC",16,"-7.2","0.3593","95.7","100.6","48.7","33.7","20.1","31.7","24.6"
2022,"S16","Arizona","P12",1,"8.8","0.9341","118.0","93.7","55.6","35.3","18.3","34.7","28.6"
2022,"S16","Gonzaga","WCC",1,"6.7","0.9662","120.3","89.9","58.7","37.0","15.7","29.1","23.4"
2022,"R32","Baylor","B12",1,"8.9","0.9491","117.8","91.3","52.8","34.3","17.9","36.3","28.8"
2022,"Champions","Kansas","B12",1,"10.4","0.9580","119.8","91.3","53.8","36.1","17.3","32.9","28.6"
2022,"R32","Auburn","SEC",2,"7.4","0.9228","111.7","90.0","49.9","31.8","16.7","33.7","28.9"
2022,"F4","Villanova","BE",2,"7.3","0.9346","117.2","93.0","51.5","35.9","15.5","31.2","28.9"
2022,"R64","Kentucky","SEC",2,"6.9","0.9295","119.4","95.4","53.1","34.7","16.7","37.7","24.9"
2022,"F4","Duke","ACC",2,"7.2","0.9440","122.7","96.0","55.6","36.6","15.0","31.7","28.9"
2022,"R32","Tennessee","SEC",3,"8.0","0.9439","111.3","87.1","50.7","35.9","17.7","32.4","27.2"
2022,"R32","Wisconsin","B10",3,"6.5","0.8511","108.7","93.4","47.7","30.7","13.0","25.9","24.4"
2022,"S16","Purdue","B10",3,"7.0","0.9267","121.6","97.5","56.5","38.4","17.5","35.2","23.8"
2022,"S16","Texas Tech","B12",3,"6.6","0.9509","110.5","85.4","52.6","32.1","19.8","33.2","25.8"
2022,"R32","Illinois","B10",4,"4.2","0.8943","111.9","93.0","52.5","35.9","18.1","33.1","26.6"
2022,"S16","Providence","BE",4,"5.9","0.8554","111.4","95.5","50.0","34.4","17.0","30.3","27.4"
2022,"S16","UCLA","P12",4,"5.1","0.9321","115.8","92.2","50.6","35.4","13.2","31.3","25.3"
2022,"E8","Arkansas","SEC",4,"4.5","0.8894","108.7","90.7","48.6","30.4","16.9","29.6","25.3"
2022,"R64","Connecticut","BE",5,"3.1","0.8709","113.2","95.9","49.6","35.2","17.3","37.9","27.6"
2022,"R64","Iowa","B10",5,"4.5","0.9265","121.1","97.2","53.3","36.3","13.0","32.3","30.0"
2022,"E8","Houston","Amer",5,"6.2","0.9595","116.5","88.5","53.1","33.8","16.9","37.7","28.0"
2022,"R32","Saint Mary's","WCC",5,"3.9","0.9024","109.8","90.5","52.7","35.5","17.0","27.4","21.7"
2022,"R64","LSU","SEC",6,"2.3","0.8766","106.3","89.6","49.4","31.6","20.7","33.8","30.9"
2022,"R32","Texas","B12",6,"3.4","0.9152","112.5","91.5","50.1","33.0","17.8","31.6","29.8"
2022,"R64","Colorado St.","MWC",6,"4.3","0.8190","111.9","98.1","54.8","35.6","15.2","21.9","25.0"
2022,"R64","Alabama","SEC",6,"2.0","0.8612","115.2","98.3","51.3","30.9","19.8","35.3","30.5"
2022,"R64","USC","P12",7,"4.1","0.8021","108.6","96.2","51.2","35.7","17.9","33.5","26.7"
2022,"R32","Michigan St.","B10",7,"2.9","0.8405","111.6","96.6","52.0","37.8","18.8","30.7","27.1"
2022,"R32","Ohio St.","B10",7,"1.3","0.8612","115.5","98.5","54.3","36.5","17.1","29.3","28.7"
2022,"R32","Murray St.","OVC",7,"3.5","0.8241","110.0","96.2","52.6","34.5","17.1","35.3","25.7"
2022,"2ND","North Carolina","ACC",8,"4.3","0.9113","114.4","93.5","51.5","35.8","16.4","31.9","21.6"
2022,"R64","Boise St.","MWC",8,"3.5","0.8434","107.6","92.9","50.7","34.0","18.4","30.6","22.4"
2022,"R64","Seton Hall","BE",8,"1.9","0.8000","105.4","93.4","47.2","33.2","17.7","32.3","29.1"
2022,"R64","San Diego St.","MWC",8,"2.6","0.8675","102.4","86.9","48.7","35.4","19.3","29.5","27.3"
2022,"R32","Creighton","BE",9,"1.7","0.8151","104.8","92.1","50.6","30.8","20.4","28.4","28.5"
2022,"R32","TCU","B12",9,"2.9","0.8698","108.6","92.1","48.7","30.2","21.4","37.7","26.1"
2022,"R64","Marquette","BE",9,"0.6","0.7787","107.7","96.5","52.1","34.4","17.2","22.5","31.6"
2022,"R32","Memphis","Amer",9,"1.4","0.9028","112.4","92.6","52.3","35.5","22.5","37.4","30.9"
2022,"R64","San Francisco","WCC",10,"1.6","0.8748","110.2","93.0","53.1","34.3","17.9","30.0","24.0"
2022,"E8","Miami FL","ACC",10,"2.6","0.8467","113.6","97.9","53.4","33.9","14.0","22.4","30.3"
2022,"R64","Loyola Chicago","MVC",10,"1.8","0.8439","106.9","92.3","55.6","37.6","18.5","25.1","24.0"
2022,"R64","Davidson","A10",10,"2.1","0.8258","115.8","101.1","55.6","38.5","14.8","23.6","22.4"
2022,"R68","Rutgers","B10",11,"-0.7","0.7629","106.6","96.3","49.9","33.9","17.3","29.6","27.0"
2022,"S16","Iowa St.","B12",11,"2.8","0.8346","101.7","88.4","49.1","31.5","20.4","28.4","28.3"
2022,"R32","Notre Dame","ACC",11,"1.9","0.8542","112.8","96.7","54.0","37.9","15.6","22.1","24.7"
2022,"R64","Virginia Tech","ACC",11,"1.7","0.9028","115.6","95.2","55.1","39.2","17.0","27.8","26.2"
2022,"S16","Michigan","B10",11,"0.2","0.8741","113.9","96.2","52.1","33.9","17.3","31.0","24.0"
2022,"R32","Richmond","A10",12,"-1.6","0.7071","106.9","99.1","51.1","33.0","14.3","22.4","27.5"
2022,"R68","Wyoming","MWC",12,"1.9","0.7661","107.9","97.3","52.3","33.0","17.1","25.5","24.6"
2022,"R64","Indiana","B10",12,"0.2","0.8652","107.7","91.6","50.6","33.3","17.2","27.0","25.1"
2022,"R64","UAB","CUSA",12,"-0.1","0.8001","111.8","99.1","52.8","38.0","16.4","33.3","27.5"
2022,"R32","New Mexico St.","WAC",12,"0.7","0.7579","106.0","96.0","51.9","33.4","20.8","32.6","25.7"
2022,"R64","Vermont","AE",13,"-0.8","0.7984","109.7","97.3","57.1","36.8","14.7","23.7","18.7"
2022,"R64","South Dakota St.","Sum",13,"1.5","0.7542","114.1","103.5","59.2","43.7","15.3","23.7","24.3"
2022,"R64","Chattanooga","SC",13,"0.2","0.7557","107.3","97.3","52.2","33.9","17.0","32.7","26.2"
2022,"R64","Akron","MAC",13,"-4.3","0.6041","105.5","101.7","52.5","35.3","17.7","29.0","26.4"
2022,"R64","Yale","Ivy",14,"-4.9","0.5449","99.4","97.9","49.7","32.6","18.3","25.6","26.7"
2022,"R64","Colgate","Pat",14,"-6.1","0.6026","107.0","103.2","55.6","40.4","16.9","26.6","25.1"
2022,"R64","Montana St.","BSky",14,"-2.8","0.5308","103.6","102.5","53.9","37.0","18.7","26.7","23.5"
2022,"R64","Longwood","BSth",14,"-2.3","0.5541","105.7","103.7","51.5","38.4","18.4","33.2","24.5"
2022,"R64","Delaware","CAA",15,"-5.5","0.5908","106.5","103.2","53.4","34.5","18.3","26.7","31.3"
2022,"R64","Cal St. Fullerton","BW",15,"-5.0","0.4675","102.0","103.1","48.9","33.4","17.9","29.1","28.2"
2022,"R64","Jacksonville St.","ASun",15,"-5.2","0.5638","104.5","102.2","53.6","38.0","19.7","28.2","27.0"
2022,"E8","Saint Peter's","MAAC",15,"-5.6","0.6786","99.4","93.1","47.5","34.6","20.1","30.9","29.0"
2022,"R64","Georgia St.","SB",16,"-5.1","0.5983","101.9","98.4","44.7","32.4","16.6","32.5","31.0"
2022,"R68","Texas A&M Corpus Chris","Slnd",16,"-7.6","0.3223","96.4","102.8","47.2","31.8","19.7","34.0","28.8"
2022,"R68","Bryant","NEC",16,"-4.8","0.4651","102.9","104.1","49.6","30.3","19.0","32.8","31.7"
2022,"R64","Wright St.","Horz",16,"-8.4","0.4613","104.8","106.2","51.7","33.4","17.7","31.0","30.1"
2022,"R64","Norfolk St.","MEAC",16,"-3.1","0.4342","100.7","103.0","50.9","34.0","20.1","30.1","27.8"
2022,"R64","Texas Southern","SWAC",16,"-6.8","0.4356","96.3","98.5","48.2","31.4","21.4","33.0","28.0"
2023,"S16","Alabama","SEC",1,"10.2","0.9548","116.1","89.0","52.1","33.5","18.7","34.2","27.9"
2023,"R64","Purdue","B10",1,"9.4","0.9333","117.9","93.7","51.8","32.2","17.2","38.4","23.5"
2023,"S16","Houston","Amer",1,"8.0","0.9532","117.3","90.3","52.3","34.0","15.4","37.1","27.7"
2023,"R32","Kansas","B12",1,"10.1","0.9177","113.8","92.3","52.6","34.7","17.5","28.7","28.7"
2023,"S16","UCLA","P12",2,"8.4","0.9528","114.9","88.5","51.1","34.9","14.9","33.0","28.2"
2023,"E8","Texas","B12",2,"7.5","0.9371","116.1","91.8","53.3","34.7","16.3","28.3","29.0"
2023,"R32","Marquette","BE",2,"7.8","0.9197","118.7","96.0","56.0","35.3","15.3","26.2","31.7"
2023,"R64","Arizona","P12",2,"7.6","0.9292","119.4","95.4","56.5","37.8","18.4","30.7","26.1"
2023,"R32","Baylor","B12",3,"5.2","0.8991","121.7","100.6","53.2","36.8","17.9","34.4","30.9"
2023,"E8","Gonzaga","WCC",3,"6.6","0.9251","123.2","99.0","57.6","37.5","14.8","31.2","25.6"
2023,"E8","Kansas St.","B12",3,"4.2","0.8803","112.6","94.7","52.3","34.3","19.3","29.9","30.3"
2023,"S16","Xavier","BE",3,"5.4","0.8890","118.0","98.5","55.2","39.0","17.2","30.8","25.0"
2023,"R32","Indiana","B10",4,"3.4","0.8557","113.1","96.9","53.5","36.8","16.8","28.1","29.0"
2023,"Champions","Connecticut","BE",4,"5.0","0.9643","121.5","91.2","53.9","36.3","18.9","38.5","26.1"
2023,"R64","Virginia","ACC",4,"4.1","0.8591","110.0","94.0","51.2","35.0","13.6","25.6","24.9"
2023,"S16","Tennessee","SEC",4,"2.8","0.9401","111.2","87.5","49.9","32.8","18.1","36.4","26.9"
2023,"R32","Saint Mary's","WCC",5,"3.4","0.9213","112.1","90.5","52.0","36.1","16.4","32.6","21.9"
2023,"F4","Miami FL","ACC",5,"3.7","0.8715","119.1","100.9","54.3","36.8","16.1","31.8","28.8"
2023,"R32","Duke","ACC",5,"4.5","0.9072","113.3","92.9","51.1","33.5","18.3","35.9","26.1"
2023,"2ND","San Diego St.","MWC",5,"5.7","0.9205","110.8","89.5","49.3","34.0","17.3","31.6","26.1"
2023,"E8","Creighton","BE",6,"2.2","0.9177","115.0","93.2","54.2","35.4","16.6","25.3","23.5"
2023,"R64","Iowa St.","B12",6,"2.4","0.8678","107.0","90.9","49.9","33.1","19.6","33.9","26.5"
2023,"R32","TCU","B12",6,"2.2","0.8704","111.7","94.6","50.0","31.0","16.7","32.2","30.5"
2023,"R32","Kentucky","SEC",6,"1.6","0.8738","115.7","97.7","50.6","34.7","17.4","39.2","25.0"
2023,"S16","Michigan St.","B10",7,"2.4","0.8771","114.4","96.4","51.7","39.3","16.4","27.6","25.2"
2023,"R32","Northwestern","B10",7,"1.6","0.8642","109.7","93.4","47.3","32.1","14.7","28.6","27.7"
2023,"R32","Missouri","SEC",7,"3.5","0.7939","117.5","104.5","55.0","36.0","15.8","26.3","37.2"
2023,"R64","Texas A&M","SEC",7,"3.7","0.8808","113.8","95.7","48.8","32.6","18.3","36.7","30.4"
2023,"R32","Maryland","B10",8,"1.0","0.8658","112.6","95.8","50.8","32.8","16.5","30.0","28.1"
2023,"S16","Arkansas","SEC",8,"0.4","0.8894","111.9","93.3","50.9","31.3","18.1","30.8","27.9"
2023,"R64","Memphis","Amer",8,"4.7","0.9030","115.4","95.0","53.0","35.3","18.3","31.2","32.7"
2023,"R64","Iowa","B10",8,"0.3","0.8385","119.9","103.9","51.7","34.0","14.0","32.1","27.4"
2023,"R64","Illinois","B10",9,"0.9","0.8216","108.9","95.4","51.4","30.8","18.4","31.6","26.7"
2023,"F4","Florida Atlantic","CUSA",9,"4.7","0.8815","114.0","95.8","54.3","36.6","16.9","31.4","25.4"
2023,"R32","Auburn","SEC",9,"1.1","0.8829","113.1","94.9","49.5","31.5","17.7","32.8","32.4"
2023,"R64","West Virginia","B12",9,"1.5","0.8933","117.2","97.5","51.5","35.0","18.5","34.0","29.3"
2023,"R64","Utah St.","MWC",10,"2.9","0.8670","115.4","98.0","55.5","37.9","17.6","27.4","24.5"
2023,"R32","Penn St.","B10",10,"1.3","0.8547","117.5","100.7","55.4","38.7","13.7","19.2","25.6"
2023,"R64","USC","P12",10,"2.1","0.8298","111.8","97.4","51.2","34.5","18.1","28.8","32.7"
2023,"R64","Boise St.","MWC",10,"2.1","0.8361","110.1","95.6","51.6","35.6","16.6","27.2","24.0"
2023,"R64","North Carolina St.","ACC",11,"1.1","0.8272","113.6","99.2","51.5","34.7","13.5","30.4","26.2"
2023,"R32","Pittsburgh","ACC",11,"-0.3","0.7743","113.1","101.6","52.5","36.0","16.3","29.5","28.6"
2023,"R64","Arizona St.","P12",11,"1.2","0.8207","108.4","95.0","48.4","32.2","16.8","29.2","31.5"
2023,"R68","Mississippi St.","SEC",11,"0.4","0.7985","103.4","91.8","46.7","26.6","19.4","35.5","28.6"
2023,"R68","Nevada","MWC",11,"0.7","0.7542","109.7","99.5","50.7","34.4","15.3","22.8","24.9"
2023,"R64","Providence","BE",11,"1.3","0.8128","114.9","101.2","51.1","34.6","16.8","34.7","27.3"
2023,"R64","VCU","A10",12,"1.0","0.8026","105.5","93.4","52.0","34.8","19.6","28.9","30.0"
2023,"R64","College of Charleston","CAA",12,"1.7","0.7865","109.4","97.7","51.1","33.0","16.7","34.6","25.4"
2023,"R64","Drake","MVC",12,"-0.7","0.8155","108.8","95.6","52.9","36.4","15.5","23.8","22.4"
2023,"R64","Oral Roberts","Sum",12,"1.6","0.7487","111.8","101.6","55.4","36.5","13.3","24.5","27.7"
2023,"R64","Kent St.","MAC",13,"0.8","0.7560","107.0","97.0","50.8","33.2","16.3","31.3","30.2"
2023,"R64","Iona","MAAC",13,"-1.7","0.7909","110.3","98.3","51.6","36.2","15.1","31.6","30.8"
2023,"R32","Furman","SC",13,"-2.0","0.6984","112.7","104.8","55.0","34.1","15.7","28.9","27.3"
2023,"R64","Louisiana Lafayette","SB",13,"-0.5","0.7299","110.8","101.6","52.8","36.5","17.7","33.3","26.3"
2023,"R64","Grand Canyon","WAC",14,"-3.8","0.6388","111.3","106.0","52.8","37.6","18.1","30.2","30.4"
2023,"R64","Kennesaw St.","ASun",14,"-1.4","0.6428","105.6","100.3","52.7","36.8","17.8","27.3","25.4"
2023,"R64","UC Santa Barbara","BW",14,"-1.5","0.6126","110.0","105.7","54.1","34.8","17.0","26.3","26.1"
2023,"R64","Montana St.","BSky",14,"-2.7","0.6871","105.1","98.2","51.0","31.8","17.8","25.7","25.4"
2023,"S16","Princeton","Ivy",15,"-3.2","0.7083","109.1","101.0","52.2","33.7","16.5","28.1","22.6"
2023,"R64","Colgate","Pat",15,"-3.7","0.6607","112.5","106.1","58.2","40.5","15.0","25.0","24.5"
2023,"R64","Vermont","AE",15,"-3.8","0.6873","109.7","102.5","54.8","36.0","14.3","19.2","22.3"
2023,"R64","UNC Asheville","BSth",15,"-1.9","0.4657","102.3","103.5","53.6","38.6","20.1","25.7","29.1"
2023,"R64","Howard","MEAC",16,"-7.3","0.4031","102.7","106.3","51.8","36.9","22.8","33.7","31.9"
2023,"R68","Southeast Missouri St.","OVC",16,"-11.7","0.2823","99.4","107.8","50.1","33.2","17.3","25.0","28.3"
2023,"R32","Fairleigh Dickinson","NEC",16,"-12.2","0.2909","106.1","114.7","51.3","34.3","16.3","30.9","29.3"
2023,"R64","Northern Kentucky","Horz",16,"-6.7","0.5349","102.6","101.4","49.1","34.3","17.3","31.6","33.0"
2023,"R68","Texas Southern","SWAC",16,"-13.5","0.2394","95.4","105.4","46.1","28.0","20.3","29.2","27.5"
2023,"R64","Texas A&M Corpus Chris","Slnd",16,"-6.0","0.4566","105.8","107.4","50.5","36.4","17.7","32.8","27.8"
