"customer_id","full_name","state","total_trek_orders","total_electra_orders","total_surly_orders","other_brands_orders","trek_revenue","electra_revenue","surly_revenue","other_brands_revenue","total_days_between_purchases","avg_days_between_trek_purchases","avg_days_between_electra_purchases","avg_days_between_surly_purchases","avg_days_between_other_brands_purchases"
1,"Debra Burks","NY","3","3","2",NULL,"18759.95","2308.94","6819.29",NULL,"709","355","355","495","495"
6,"Lyndsey Bean","NY","3","2","1","1","23597.92","3455.07","2943.10","2678.98","388","194","388",NULL,"194"
14,"Garry Espinoza","TX","3","2",NULL,"1","8739.97","6211.63",NULL,"815.10","625","313","625",NULL,"625"
15,"Linnie Branch","NY","3","2","1",NULL,"5938.87","2873.26","774.68",NULL,"188","94","43",NULL,"94"
21,"Tobie Little","TX","3","2",NULL,"2","14131.44","2312.96",NULL,"679.59","198","99","137",NULL,"99"
33,"Deloris Burke","CA","3","2",NULL,NULL,"15193.94","3849.97",NULL,NULL,"591","296","492",NULL,"492"
61,"Elinore Aguilar","TX","3","3","1","1","18649.93","3272.95","1599.98","2113.58","595","298","298",NULL,"298"
66,"Lorrie Becker","TX","3","1","1","3","17341.96","1673.98","3025.78","984.57","679","340",NULL,NULL,"340"
4,"Daryl Spence","NY","2","1",NULL,"2","16892.94","2233.77",NULL,"2024.18","435","435",NULL,NULL,"148"
5,"Charolette Rice","CA","2","1","1","1","11754.96","1998.96","3099.18","667.18","509","509",NULL,NULL,NULL
7,"Latasha Hays","NY","2","1",NULL,"1","5768.97","569.99",NULL,"808.20","65","65",NULL,NULL,NULL
12,"Robby Sykes","NY","2","2","1","1","20449.96","1946.15","1512.89","396.14","432","432","778",NULL,"778"
13,"Lashawn Ortiz","TX","2","1","1","3","9193.96","1592.96","422.99","3564.54","685","685",NULL,NULL,NULL
16,"Emmitt Sanchez","NY","2","3","1","2","19179.94","7734.83","1344.79","3666.32","260","260","307",NULL,"354"
18,"Georgetta Hardin","NY","2","1","2","2","10346.44","759.99","2251.37","1519.49","47","47",NULL,"442","442"
19,"Lizzette Stein","NY","2","2",NULL,"3","12699.97","1987.97",NULL,"2052.06","11","11","169",NULL,NULL
24,"Corene Wall","CA","2","3","1","2","5415.57","3707.95","2939.38","2137.06","733","733","367",NULL,"529"
25,"Regenia Vaughan","NY","2","1","1","2","8524.96","362.69","2398.40","3243.21","235","235",NULL,NULL,"235"
28,"Jeanice Frost","NY","2","2",NULL,"2","13683.95","3980.95",NULL,"2327.96","114","114","114",NULL,"114"
35,"Guillermina Noble","NY","2","2",NULL,"1","17131.94","4407.15",NULL,"521.98","2","2","2",NULL,"2"
38,"Zelma Browning","NY","2","1","1","1","17753.96","881.98","2509.14","390.58","420","420",NULL,NULL,"420"
40,"Ronna Butler","CA","2","2","2","1","5956.47","3214.95","6359.96","1709.18","259","259","504","245","259"
43,"Mozelle Carter","TX","2","2","2","1","19245.93","1060.16","1676.29","1066.67","756","756","323","323","323"
47,"Bridgette Guerra","CA","2","2","1","1","10286.52","4592.47","1549.36","507.29","236","236","326",NULL,"163"
53,"Saturnina Garner","CA","2","3","1","1","5699.97","3472.74","2943.10","1952.43","598","598","345",NULL,NULL
54,"Fran Yang","NY","2","1","1","1","14959.98","1109.97","437.09","718.40","547","547",NULL,NULL,NULL
57,"Pamala Henry","NY","2","1",NULL,"2","3273.97","1115.98",NULL,"2591.98","822","822",NULL,NULL,NULL
58,"Damien Dorsey","NY","2","1","1","2","13084.95","223.99","4749.98","3455.54","435","435",NULL,NULL,"435"
59,"Latasha Stanley","NY","2","2",NULL,NULL,"9991.47","3863.13",NULL,NULL,"656","656","656",NULL,"656"
63,"Tenisha Lyons","NY","2","2","1","2","9084.96","3227.98","1899.98","5873.45","66","66","66",NULL,"66"
65,"Kanesha Vega","NY","2","1",NULL,"1","8555.96","531.98",NULL,"2063.66","693","693",NULL,NULL,"693"
69,"Katelin Kennedy","CA","2","1",NULL,"1","6319.97","773.98",NULL,"474.98","199","199",NULL,NULL,NULL
70,"Tomasa Carson","NY","2",NULL,NULL,"1","15888.96",NULL,NULL,"449.98","256","256",NULL,NULL,NULL
73,"Melanie Hayes","NY","2",NULL,"1","2","23459.95",NULL,"4649.98","3803.76","310","310",NULL,NULL,"310"
74,"Georgeann Waller","NY","2",NULL,NULL,NULL,"4036.97",NULL,NULL,NULL,"579","579",NULL,NULL,NULL
75,"Abby Gamble","NY","2","1",NULL,"1","31174.94","1055.98",NULL,"572.08","102","102",NULL,NULL,NULL
77,"Keri Bridges","TX","2","2",NULL,"2","6104.98","736.48",NULL,"1681.49","583","583","13",NULL,"13"
81,"Zina Bonner","CA","2","2",NULL,NULL,"3324.97","2335.97",NULL,NULL,"432","432","432",NULL,"432"
82,"Lizzie Joyner","CA","2","1",NULL,"2","14059.97","907.47",NULL,"4027.57","289","289",NULL,NULL,"289"
83,"Tiesha Daniel","NY","2","2",NULL,"1","2882.98","4075.03",NULL,"835.14","624","624","624",NULL,"624"
84,"Armand Whitehead","NY","2","1",NULL,"2","3320.97","465.49",NULL,"3368.08","744","744",NULL,NULL,"744"
85,"Teofila Fischer","NY","2","2","2",NULL,"15922.95","2901.55","4370.57",NULL,"125","125","125","125","125"
87,"Yan Mcgowan","CA","2","2","1","1","9619.97","2642.97","845.98","438.02","403","403","403",NULL,NULL
89,"Arvilla Osborn","CA","2",NULL,"1",NULL,"9255.97",NULL,"1549.36",NULL,"167","167",NULL,NULL,NULL
91,"Marvin Mullins","CA","2","1","1",NULL,"16109.96","1149.98","1596.94",NULL,"832","832",NULL,NULL,"832"
93,"Corrina Sawyer","NY","2","1",NULL,"1","21570.95","2054.97",NULL,"1986.78","318","318",NULL,NULL,"318"
94,"Sharyn Hopkins","NY","2","1","1","1","30945.42","1584.97","1859.98","417.57","818","818",NULL,NULL,NULL
104,"Katharina Bates","CA","2","2","1","1","7964.97","1326.87","1859.98","624.58","527","527","527",NULL,"527"
109,"Monica Sears","CA","2","2",NULL,"1","12807.96","2819.97",NULL,"1565.98","56","56","56",NULL,"56"
110,"Ollie Zimmerman","CA","2","1",NULL,"1","4474.97","485.98",NULL,"410.38","146","146",NULL,NULL,"146"
119,"Thalia Dillard","TX","2","2",NULL,NULL,"15388.96","1375.16",NULL,NULL,"497","497","497",NULL,"497"
123,"Robena Hill","TX","2","2","1","2","10029.96","1227.98","814.67","1711.17","212","212","212",NULL,"212"
135,"Dorthey Jackson","TX","2","1","2","1","6117.97","431.98","4587.95","889.03","629","629",NULL,"629",NULL
136,"Sarita Parks","TX","2","2",NULL,"1","12804.95","1511.98",NULL,"997.08","348","348","348",NULL,"348"
138,"Jone Bernard","CA","2","2",NULL,"1","7811.96","2894.95",NULL,"1303.59","317","317","317",NULL,NULL
153,"Laraine Robbins","TX","2","1","1","2","10444.97","607.98","1781.88","4233.65","203","203",NULL,NULL,NULL
165,"Jeromy Burch","CA","2","1","2","1","8924.97","1098.97","1651.98","231.99","149","149",NULL,"149","149"
169,"Karla Kirk","CA","2",NULL,"1","1","10479.97",NULL,"2478.40","719.98","582","582",NULL,NULL,"582"
172,"Jeanie Kirkland","CA","2","1",NULL,"1","12412.47","223.99",NULL,"3204.63","290","290",NULL,NULL,"290"
181,"Olevia Pitts","CA","2","1","1",NULL,"4988.98","959.98","2324.99",NULL,"649","649",NULL,NULL,"649"
192,"Bong Hebert","CA","2","1",NULL,"2","11439.97","809.99",NULL,"1958.42","184","184",NULL,NULL,NULL
231,"Jenee Rasmussen","CA","2","2",NULL,"2","6838.97","3007.95",NULL,"3014.95","133","133","133",NULL,NULL
237,"Elvera Peck","CA","2",NULL,NULL,NULL,"2007.58",NULL,NULL,NULL,"727","727",NULL,NULL,NULL
240,"Le Deleon","CA","2","2","1",NULL,"5486.97","1997.96","2474.17",NULL,"597","597","597",NULL,NULL
2,"Kasha Todd","CA","1","3","1","1","11979.97","4349.73","949.99","2049.39","0",NULL,"197",NULL,"197"
3,"Tameka Fisher","CA","1","2",NULL,"1","15999.96","6647.57",NULL,"1403.99","0",NULL,NULL,NULL,NULL
9,"Genoveva Baldwin","NY","1","3","1","2","17567.05","2216.38","3025.78","1624.66","0",NULL,"401",NULL,"764"
10,"Pamelia Newman","NY","1","2","1","3","27644.95","3171.94","1599.98","1217.39","0",NULL,"129",NULL,"374"
11,"Deshawn Mendoza","NY","1",NULL,NULL,"2","2894.66",NULL,NULL,"795.57","0",NULL,NULL,NULL,"76"
17,"Caren Stephens","NY","1","2","1","1","1214.48","2927.95","446.49","686.40","0",NULL,"650",NULL,"37"
20,"Aleta Shepard","TX","1","1","2","2","2399.99","687.98","6075.02","1939.47","0",NULL,NULL,"110",NULL
22,"Adelle Larsen","NY","1","2","1","1","10069.98","3074.94","2689.58","816.54","0",NULL,"719",NULL,NULL
26,"Theo Reese","NY","1","1","2","1","3599.99","256.49","4301.03","1356.56","0",NULL,NULL,"676",NULL
27,"Santos Valencia","NY","1","2",NULL,"1","5509.98","4818.54",NULL,"390.58","0",NULL,"458",NULL,"458"
29,"Syreeta Hendricks","NY","1","2",NULL,NULL,"8329.97","3649.97",NULL,NULL,"0",NULL,"456",NULL,"456"
30,"Jamaal Albert","CA","1","3","1",NULL,"199.49","7677.50","2478.40",NULL,"0",NULL,"47",NULL,"47"
31,"Williemae Holloway","CA","1","3","2","1","9255.97","6460.15","3622.95","417.57","0",NULL,"365","119",NULL
32,"Araceli Golden","CA","1","1","1","1","14544.95","215.99","2478.40","797.94","0",NULL,NULL,NULL,"244"
34,"Brittney Woodward","NY","1",NULL,NULL,"1","10647.96",NULL,NULL,"387.80","0",NULL,NULL,NULL,NULL
36,"Bernita Mcdaniel","NY","1","2",NULL,NULL,"3419.98","2659.96",NULL,NULL,"0",NULL,"647",NULL,"647"
37,"Melia Brady","NY","1","1","2","1","3999.99","5671.96","2226.29","2113.58","0",NULL,NULL,"122",NULL
39,"Janetta Aguirre","NY","1","1","1","1","10439.95","1677.77","4749.98","915.78","0",NULL,NULL,NULL,"107"
41,"Kathie Freeman","NY","1","1",NULL,"2","1799.98","215.99",NULL,"1946.05","0",NULL,NULL,NULL,NULL
42,"Tangela Quinn","NY","1","2",NULL,"2","5759.98","1646.05",NULL,"1799.08","0",NULL,NULL,NULL,NULL
44,"Onita Johns","NY","1","2",NULL,"1","151.99","1654.56",NULL,"463.98","0",NULL,NULL,NULL,NULL
46,"Monika Berg","CA","1","3","1","1","2699.99","2877.55","1899.98","1424.98","0",NULL,"521",NULL,NULL
48,"Cesar Jackson","NY","1","1",NULL,"1","3679.98","2343.95",NULL,"5681.92","0",NULL,NULL,NULL,NULL
50,"Cleotilde Booth","TX","1","3","2","1","10799.98","1319.97","3699.96","359.20","0",NULL,"300","300",NULL
51,"Gertrud Rhodes","NY","1",NULL,"2","1","255.99",NULL,"5394.08","1349.98","0",NULL,NULL,"689",NULL
55,"Diana Guerra","NY","1","2",NULL,"1","367.98","2669.97",NULL,"1145.67","0",NULL,"763",NULL,"763"
56,"Lolita Mosley","TX","1","2",NULL,"1","5393.98","972.97",NULL,"313.49","0",NULL,"351",NULL,"351"
60,"Neil Mccall","CA","1","1",NULL,"1","7199.98","2176.97",NULL,"542.38","0",NULL,NULL,NULL,NULL
62,"Alica Hunter","NY","1","1","1","1","827.99","1539.97","1394.98","359.20","0",NULL,NULL,NULL,NULL
64,"Bobbie Foster","TX","1","3","1","1","3799.99","2178.85","929.99","1869.30","0",NULL,NULL,NULL,NULL
68,"Jayne Kirkland","TX","1","3","2",NULL,"5549.98","2261.27","2991.38",NULL,"0",NULL,"156","213","213"
71,"Takako Casey","NY","1",NULL,"1",NULL,"303.99",NULL,"1551.34",NULL,"0",NULL,NULL,NULL,NULL
72,"Petronila Norris","CA","1","1","1","1","10373.97","953.98","1899.98","686.40","0",NULL,NULL,NULL,NULL
76,"Parker Prince","NY","1","2","1","1","3225.57","2212.95","751.98","977.97","0",NULL,"748",NULL,NULL
78,"Chi Goff","CA","1","2",NULL,NULL,"2855.08","586.18",NULL,NULL,"0",NULL,"380",NULL,"380"
79,"Ashanti Parks","NY","1","2","1","2","6276.07","3245.65","3025.78","3477.56","0",NULL,"430",NULL,NULL
80,"Sarai Mckee","NY","1","1","1","1","3347.98","2740.76","2788.20","686.40","0",NULL,NULL,NULL,NULL
86,"Lissa Vargas","NY","1","2","1","1","4639.98","3972.93","1599.98","2339.10","0",NULL,NULL,NULL,NULL
88,"Titus Bullock","NY","1","1",NULL,"1","8511.97","1092.48",NULL,"200.79","0",NULL,NULL,NULL,"593"
90,"Marjorie Logan","NY","1","2","1","1","4499.99","1310.97","666.39","2479.43","0",NULL,"526",NULL,NULL
92,"Tena Cruz","NY","1","1","1","1","180.49","512.98","1664.38","679.28","0",NULL,NULL,NULL,"70"
95,"Letitia Franco","NY","1",NULL,"1",NULL,"11735.97",NULL,"697.49",NULL,"0",NULL,NULL,NULL,NULL
96,"Floretta Higgins","NY","1",NULL,"1",NULL,"4799.98",NULL,"2881.14",NULL,"0",NULL,NULL,NULL,NULL
100,"Kellie Franco","NY","1",NULL,NULL,NULL,"5399.98",NULL,NULL,NULL,"0",NULL,NULL,NULL,NULL
105,"Marget Hodge","NY","1","1","1","1","7199.98","879.98","3126.64","1254.94","0",NULL,NULL,NULL,NULL
107,"Cecil Hopper","NY","1",NULL,NULL,"1","6116.97",NULL,NULL,"844.12","0",NULL,NULL,NULL,NULL
108,"Shae Hickman","NY","1",NULL,NULL,"1","17384.97",NULL,NULL,"896.50","0",NULL,NULL,NULL,NULL
111,"Shila White","NY","1",NULL,NULL,"1","3799.99",NULL,NULL,"2377.78","0",NULL,NULL,NULL,NULL
113,"Eliana Silva","NY","1","1","1",NULL,"1599.98","1804.17","832.19",NULL,"0",NULL,NULL,NULL,NULL
115,"Rey Lindsay","NY","1",NULL,NULL,NULL,"8327.95",NULL,NULL,NULL,"0",NULL,NULL,NULL,NULL
116,"Merlene Vinson","TX","1","2","3","1","3324.99","2389.96","5768.96","1309.73","0",NULL,NULL,"284",NULL
120,"Luz House","CA","1",NULL,NULL,"2","7737.95",NULL,NULL,"1687.21","0",NULL,NULL,NULL,"317"
122,"Shena Carter","NY","1",NULL,NULL,"1","23849.97",NULL,NULL,"1040.65","0",NULL,NULL,NULL,NULL
124,"Jeni Booker","CA","1","1","1","1","3254.99","1677.57","422.99","879.98","0",NULL,NULL,NULL,NULL
125,"Herlinda Stone","NY","1","1",NULL,NULL,"6509.98","557.98",NULL,NULL,"0",NULL,NULL,NULL,NULL
126,"Lavina Dejesus","NY","1","1",NULL,"1","9427.96","607.98",NULL,"278.98","0",NULL,NULL,NULL,NULL
127,"Erlinda Nielsen","NY","1",NULL,NULL,"1","4639.98",NULL,NULL,"1394.98","0",NULL,NULL,NULL,NULL
128,"Terrance Lynn","NY","1","1",NULL,NULL,"7219.97","316.19",NULL,NULL,"0",NULL,NULL,NULL,NULL
129,"Walton Dejesus","NY","1","1",NULL,NULL,"2754.99","256.49",NULL,NULL,"0",NULL,NULL,NULL,NULL
134,"Brianna Moss","NY","1","1",NULL,"1","2319.99","242.99",NULL,"1188.89","0",NULL,NULL,NULL,NULL
139,"Wanita Davenport","NY","1","1",NULL,NULL,"1199.99","1119.98",NULL,NULL,"0",NULL,NULL,NULL,NULL
140,"Cleopatra Tate","NY","1","1",NULL,"1","10127.96","1533.97",NULL,"1247.99","0",NULL,NULL,NULL,NULL
142,"Nicholas Vazquez","NY","1",NULL,NULL,NULL,"5224.99",NULL,NULL,NULL,"0",NULL,NULL,NULL,NULL
145,"Miquel Neal","NY","1","1",NULL,"1","7599.98","242.99",NULL,"853.10","0",NULL,NULL,NULL,NULL
147,"Bernetta Marquez","NY","1",NULL,NULL,NULL,"10322.97",NULL,NULL,NULL,"0",NULL,NULL,NULL,NULL
149,"Meredith Bryan","NY","1",NULL,"1",NULL,"7599.98",NULL,"874.18",NULL,"0",NULL,NULL,NULL,NULL
151,"Joesph Delacruz","CA","1","2",NULL,"1","2609.99","1519.45",NULL,"2734.18","0",NULL,NULL,NULL,NULL
152,"Katherina Odom","NY","1",NULL,NULL,"1","3225.97",NULL,NULL,"417.57","0",NULL,NULL,NULL,NULL
155,"Lory Page","NY","1","1",NULL,NULL,"3719.99","494.98",NULL,NULL,"0",NULL,NULL,NULL,NULL
156,"Charlyn Cantrell","NY","1","1",NULL,"1","3599.99","215.99",NULL,"718.40","0",NULL,NULL,NULL,NULL
157,"Carola Rodriquez","CA","1","2","1","1","7439.98","3669.96","5941.27","809.98","0",NULL,"709",NULL,NULL
159,"Regina Burns","TX","1","1","1",NULL,"7439.98","1673.97","1899.98",NULL,"0",NULL,NULL,NULL,NULL
160,"Omer Estrada","TX","1",NULL,"1",NULL,"7599.98",NULL,"375.99",NULL,"0",NULL,NULL,NULL,NULL
167,"Loreta Johnston","NY","1",NULL,NULL,"1","12292.96",NULL,NULL,"1879.26","0",NULL,NULL,NULL,NULL
168,"Nettie Mcdaniel","NY","1","1",NULL,"1","195.29","2887.96",NULL,"718.40","0",NULL,NULL,NULL,NULL
170,"Regine Gonzales","CA","1","1","1","1","9277.97","1079.98","3025.78","417.57","0",NULL,NULL,NULL,NULL
173,"Marquerite Dawson","TX","1","1",NULL,"1","5509.98","1031.97",NULL,"1530.38","0",NULL,NULL,NULL,NULL
175,"Nova Hess","CA","1","1",NULL,"1","4749.98","6923.96",NULL,"1349.98","0",NULL,NULL,NULL,"829"
176,"Carley Reynolds","CA","1","2","2",NULL,"2904.08","1275.95","2649.67",NULL,"0",NULL,"611","611","611"
177,"Carissa Foreman","NY","1",NULL,NULL,NULL,"170.99",NULL,NULL,NULL,"0",NULL,NULL,NULL,NULL
179,"Deane Sears","NY","1",NULL,"1",NULL,"2849.98",NULL,"3037.36",NULL,"0",NULL,NULL,NULL,NULL
182,"Jenniffer Bullock","NY","1",NULL,"1",NULL,"12719.97",NULL,"5026.62",NULL,"0",NULL,NULL,NULL,NULL
184,"Klara Stanley","NY","1",NULL,NULL,"1","16049.97",NULL,NULL,"386.10","0",NULL,NULL,NULL,NULL
186,"Ken Charles","NY","1","1",NULL,NULL,"9377.96","455.69",NULL,NULL,"0",NULL,NULL,NULL,NULL
187,"Hedwig Paul","CA","1","1",NULL,"2","10449.98","1153.48",NULL,"2008.16","0",NULL,NULL,NULL,"615"
188,"Sharla Flynn","CA","1","1",NULL,"1","231.99","440.99",NULL,"1056.79","0",NULL,NULL,NULL,"334"
191,"Graciela Barber","CA","1","1","1",NULL,"1114.17","1055.97","422.99",NULL,"0",NULL,NULL,NULL,NULL
194,"Dorine Roberson","CA","1","2","2",NULL,"2699.99","3405.97","6214.16",NULL,"0",NULL,"237",NULL,NULL
195,"Addie Hahn","NY","1","1","1",NULL,"10807.97","1439.98","2687.08",NULL,"0",NULL,NULL,NULL,NULL
196,"Edythe Valencia","NY","1",NULL,NULL,"1","10229.96",NULL,NULL,"719.98","0",NULL,NULL,NULL,NULL
199,"Clelia Workman","NY","1","1",NULL,NULL,"4319.98","251.09",NULL,NULL,"0",NULL,NULL,NULL,NULL
203,"Minerva Decker","TX","1","1",NULL,"1","9499.98","2286.45",NULL,"583.19","0",NULL,NULL,NULL,NULL
206,"Stephaine Riddle","NY","1",NULL,"1","1","5219.98",NULL,"1859.98","1349.98","0",NULL,NULL,NULL,NULL
208,"Denis Logan","CA","1","2",NULL,NULL,"3239.98","2411.04",NULL,NULL,"0",NULL,NULL,NULL,NULL
210,"Priscilla Wilkins","NY","1",NULL,NULL,NULL,"3599.99",NULL,NULL,NULL,"0",NULL,NULL,NULL,NULL
212,"Buford Bridges","NY","1","1",NULL,NULL,"5039.98","1115.98",NULL,NULL,"0",NULL,NULL,NULL,NULL
213,"Elenore Hensley","NY","1","1",NULL,"1","2849.98","395.99",NULL,"1543.76","0",NULL,NULL,NULL,NULL
214,"Ross Pugh","NY","1","1",NULL,"1","239.98","1397.77",NULL,"1394.98","0",NULL,NULL,NULL,NULL
215,"Judith Finley","NY","1","1",NULL,"1","3234.98","465.49",NULL,"697.49","0",NULL,NULL,NULL,NULL
216,"Wai Soto","NY","1",NULL,"1","1","2799.99",NULL,"892.98","1219.18","0",NULL,NULL,NULL,NULL
217,"Carline Collier","CA","1","1","1","1","422.99","1248.97","3025.78","375.29","0",NULL,NULL,NULL,NULL
218,"Casey Gill","NY","1","1","1","1","2879.98","1139.98","2478.40","404.10","0",NULL,NULL,NULL,NULL
222,"Anya Contreras","NY","1",NULL,NULL,"1","799.99",NULL,NULL,"697.49","0",NULL,NULL,NULL,NULL
223,"Scarlet Yates","NY","1",NULL,"1",NULL,"1619.99",NULL,"2943.10",NULL,"0",NULL,NULL,NULL,NULL
224,"Moses Pope","CA","1","2","2","2","7199.98","494.08","1644.97","2132.87","0",NULL,"351","351",NULL
225,"Barbera Riggs","NY","1","1","1","1","4799.98","818.38","751.98","1115.98","0",NULL,NULL,NULL,NULL
226,"Kiana Rivera","NY","1","1","1",NULL,"8114.98","1791.97","3126.64",NULL,"0",NULL,NULL,NULL,NULL
227,"Danielle Bond","NY","1",NULL,"1","1","16809.96",NULL,"1344.79","398.98","0",NULL,NULL,NULL,NULL
230,"Chelsey Hardin","NY","1","1","1",NULL,"7199.98","539.99","1471.55",NULL,"0",NULL,NULL,NULL,NULL
234,"Winfred Harris","NY","1","1",NULL,"1","650.98","2775.96",NULL,"377.98","0",NULL,NULL,NULL,NULL
235,"Jeromy Elliott","NY","1","1",NULL,NULL,"5509.98","479.98",NULL,NULL,"0",NULL,NULL,NULL,NULL
236,"Verona O'neill","NY","1","1",NULL,NULL,"3599.99","557.98",NULL,NULL,"0",NULL,NULL,NULL,NULL
238,"Cindi Larson","NY","1",NULL,"1","1","15289.96",NULL,"4499.98","387.80","0",NULL,NULL,NULL,NULL
239,"Felice Guzman","CA","1","2",NULL,"1","6661.97","2102.94",NULL,"1391.98","0",NULL,NULL,NULL,NULL
242,"Rutha Howell","CA","1",NULL,"1",NULL,"5673.97",NULL,"1469.69",NULL,"0",NULL,NULL,NULL,NULL
243,"Natosha Rowland","NY","1",NULL,NULL,"1","1207.97",NULL,NULL,"1450.79","0",NULL,NULL,NULL,NULL
245,"Delila Hamilton","CA","1","1",NULL,NULL,"8779.98","2089.98",NULL,NULL,"0",NULL,NULL,NULL,NULL
246,"Dionne Norris","NY","1","1",NULL,NULL,"5021.98","1239.98",NULL,NULL,"0",NULL,NULL,NULL,NULL
247,"Muriel Juarez","CA","1",NULL,"1",NULL,"9857.98",NULL,"712.49",NULL,"0",NULL,NULL,NULL,NULL
251,"Kasie Rodriquez","NY","1","1",NULL,NULL,"7599.98","1279.47",NULL,NULL,"0",NULL,NULL,NULL,NULL
252,"Eleni Gordon","NY","1","1","1","1","6399.98","485.98","446.49","1254.94","0",NULL,NULL,NULL,NULL
255,"Flossie Holder","NY","1","1","1","1","7049.98","522.49","2374.99","322.39","0",NULL,NULL,NULL,NULL
256,"Erma Salinas","NY","1","1",NULL,"1","1711.18","547.98",NULL,"398.98","0",NULL,NULL,NULL,NULL
257,"Earl Stanley","NY","1",NULL,"1","1","3454.97",NULL,"1596.94","263.99","0",NULL,NULL,NULL,NULL
259,"Johnathan Velazquez","CA","1","1","1",NULL,"5667.97","1619.97","2943.10",NULL,"0",NULL,NULL,NULL,NULL
263,"Dortha Jarvis","NY","1","1",NULL,"1","9207.97","2857.97",NULL,"2339.10","0",NULL,NULL,NULL,NULL
268,"Trinity Riddle","NY","1","1",NULL,"1","4928.99","1187.98",NULL,"1094.75","0",NULL,NULL,NULL,NULL
269,"Barton Crosby","NY","1","1",NULL,"1","5699.98","251.09",NULL,"1574.97","0",NULL,NULL,NULL,NULL
270,"Claudio Wise","NY","1","1",NULL,NULL,"3254.99","391.99",NULL,NULL,"0",NULL,NULL,NULL,NULL
272,"Deja Chaney","NY","1","1","1",NULL,"6079.98","917.97","1563.32",NULL,"0",NULL,NULL,NULL,NULL
274,"Josh Shaw","NY","1","1",NULL,"1","3419.98","1882.15",NULL,"398.97","0",NULL,NULL,NULL,NULL
275,"Pinkie Kirkland","TX","1",NULL,"1","1","7199.98",NULL,"422.99","3853.56","0",NULL,NULL,NULL,NULL
276,"Lavette Wright","NY","1","1",NULL,NULL,"5399.98","1466.96",NULL,NULL,"0",NULL,NULL,NULL,NULL
278,"Myesha Burgess","CA","1",NULL,NULL,"1","4724.47",NULL,NULL,"502.19","0",NULL,NULL,NULL,NULL
279,"Justina Long","CA","1","1","1","1","6299.98","930.98","1599.98","496.79","0",NULL,NULL,NULL,NULL
280,"Brenda Tate","TX","1","1",NULL,"1","3199.99","1008.47",NULL,"407.55","0",NULL,NULL,NULL,NULL
282,"Randolph Chase","CA","1","1",NULL,NULL,"7439.98","1723.45",NULL,NULL,"0",NULL,NULL,NULL,NULL
287,"Mireille Puckett","CA","1","1",NULL,"1","284.98","1259.97",NULL,"775.60","0",NULL,NULL,NULL,NULL
289,"Charmain Webster","TX","1",NULL,NULL,NULL,"17834.96",NULL,NULL,NULL,"0",NULL,NULL,NULL,NULL
290,"Barry Buckner","NY","1","1",NULL,NULL,"279.99","1187.96",NULL,NULL,"0",NULL,NULL,NULL,NULL
291,"Boyce Burks","NY","1",NULL,NULL,"1","774.97",NULL,NULL,"825.12","0",NULL,NULL,NULL,NULL
292,"Monty Frost","NY","1","1","1","1","12149.97","569.99","949.99","277.59","0",NULL,NULL,NULL,NULL
293,"Tiny French","NY","1","1",NULL,NULL,"5399.98","702.98",NULL,NULL,"0",NULL,NULL,NULL,NULL
295,"Danny Kim","NY","1",NULL,"1","1","6184.97",NULL,"2374.99","2495.98","0",NULL,NULL,NULL,NULL
296,"Sophia Mcmillan","NY","1","1",NULL,NULL,"11159.96","2613.66",NULL,NULL,"0",NULL,NULL,NULL,NULL
297,"Christia Carson","TX","1",NULL,NULL,"1","2849.98",NULL,NULL,"808.20","0",NULL,NULL,NULL,NULL
298,"Jennie Middleton","CA","1","1",NULL,NULL,"8019.98","1454.97",NULL,NULL,"0",NULL,NULL,NULL,NULL
301,"Annett Garrett","NY","1",NULL,NULL,"1","2849.98",NULL,NULL,"1306.71","0",NULL,NULL,NULL,NULL
306,"Vikki Erickson","NY","1",NULL,"1",NULL,"2849.99",NULL,"3639.57",NULL,"0",NULL,NULL,NULL,NULL
307,"Fransisca Nicholson","CA","1","1",NULL,NULL,"2699.99","242.99",NULL,NULL,"0",NULL,NULL,NULL,NULL
308,"Mazie Fernandez","NY","1","1","1",NULL,"3599.99","3097.48","697.49",NULL,"0",NULL,NULL,NULL,NULL
310,"Gilberto Parsons","NY","1",NULL,"1",NULL,"11335.97",NULL,"1599.98",NULL,"0",NULL,NULL,NULL,NULL
312,"Cameron Carroll","TX","1",NULL,NULL,NULL,"5419.97",NULL,NULL,NULL,"0",NULL,NULL,NULL,NULL
313,"Melani Jarvis","NY","1","1",NULL,"1","2699.99","1499.98",NULL,"718.40","0",NULL,NULL,NULL,NULL
314,"Javier Nichols","TX","1","1",NULL,NULL,"6116.97","755.97",NULL,NULL,"0",NULL,NULL,NULL,NULL
316,"Hortencia Graham","TX","1","1",NULL,NULL,"5393.98","1421.97",NULL,NULL,"0",NULL,NULL,NULL,NULL
318,"Eliz Whitney","CA","1",NULL,NULL,"1","446.49",NULL,NULL,"1215.56","0",NULL,NULL,NULL,NULL
320,"Aron Wiggins","NY","1",NULL,NULL,"1","9599.98",NULL,NULL,"447.44","0",NULL,NULL,NULL,NULL
322,"Merideth Preston","NY","1","1",NULL,"1","10229.98","1079.98",NULL,"522.49","0",NULL,NULL,NULL,NULL
326,"Shiela Calderon","CA","1",NULL,NULL,"1","377.98",NULL,NULL,"2390.38","0",NULL,NULL,NULL,NULL
328,"Bettie Glover","TX","1","1",NULL,NULL,"8299.98","440.99",NULL,NULL,"0",NULL,NULL,NULL,NULL
329,"Marilyn Frank","NY","1",NULL,NULL,NULL,"9499.98",NULL,NULL,NULL,"0",NULL,NULL,NULL,NULL
330,"Sheba Knapp","NY","1","1",NULL,NULL,"4298.98","7673.94",NULL,NULL,"0",NULL,NULL,NULL,NULL
332,"Reena Higgins","CA","1","1","1","1","3599.99","929.98","799.99","398.97","0",NULL,NULL,NULL,NULL
334,"Somer Jordan","NY","1",NULL,NULL,"1","11979.97",NULL,NULL,"683.98","0",NULL,NULL,NULL,NULL
337,"Majorie Wyatt","NY","1","1",NULL,"1","3419.98","980.97",NULL,"718.40","0",NULL,NULL,NULL,NULL
339,"Tamela Harrell","NY","1",NULL,NULL,NULL,"17479.96",NULL,NULL,NULL,"0",NULL,NULL,NULL,NULL
340,"Yanira Bradshaw","NY","1",NULL,"1",NULL,"4499.99",NULL,"4657.77",NULL,"0",NULL,NULL,NULL,NULL
343,"Jesica Fields","NY","1",NULL,NULL,NULL,"1800.48",NULL,NULL,NULL,"0",NULL,NULL,NULL,NULL
345,"Mi Gray","NY","1",NULL,NULL,NULL,"9728.98",NULL,NULL,NULL,"0",NULL,NULL,NULL,NULL
348,"Darren Witt","CA","1",NULL,NULL,"1","2879.98",NULL,NULL,"343.20","0",NULL,NULL,NULL,NULL
349,"Mable Pratt","CA","1",NULL,"1",NULL,"6079.98",NULL,"832.19",NULL,"0",NULL,NULL,NULL,NULL
350,"Christoper Mccall","NY","1","1","1",NULL,"7199.98","242.99","4019.62",NULL,"0",NULL,NULL,NULL,NULL
351,"Margorie Wynn","NY","1","1","1",NULL,"5034.99","569.99","2893.48",NULL,"0",NULL,NULL,NULL,NULL
352,"Josef Greer","NY","1","1",NULL,"1","3199.98","557.99",NULL,"2167.59","0",NULL,NULL,NULL,NULL
354,"Tonda Armstrong","NY","1",NULL,NULL,"1","4499.99",NULL,NULL,"2679.99","0",NULL,NULL,NULL,NULL
355,"Arvilla Weiss","NY","1","1",NULL,NULL,"1899.99","1115.98",NULL,NULL,"0",NULL,NULL,NULL,NULL
356,"Vashti Rosario","NY","1",NULL,NULL,NULL,"9865.47",NULL,NULL,NULL,"0",NULL,NULL,NULL,NULL
360,"Van Peters","TX","1",NULL,"1","1","2696.99",NULL,"2943.10","808.20","0",NULL,NULL,NULL,NULL
362,"Olevia Noel","NY","1","1",NULL,NULL,"3199.99","797.98",NULL,NULL,"0",NULL,NULL,NULL,NULL
364,"Bev Chang","NY","1","1",NULL,NULL,"3999.98","1291.98",NULL,NULL,"0",NULL,NULL,NULL,NULL
366,"Lavonne Anderson","NY","1",NULL,"1",NULL,"5399.98",NULL,"1344.79",NULL,"0",NULL,NULL,NULL,NULL
367,"Blanca Hooper","NY","1","1",NULL,"1","6015.97","322.99",NULL,"263.99","0",NULL,NULL,NULL,NULL
371,"Loni Duncan","NY","1",NULL,NULL,NULL,"1619.99",NULL,NULL,NULL,"0",NULL,NULL,NULL,NULL
372,"Collene Roman","NY","1",NULL,"1","1","4928.99",NULL,"929.99","719.98","0",NULL,NULL,NULL,NULL
374,"Candelaria Coffey","NY","1","1","1","1","12379.96","395.99","1563.32","396.14","0",NULL,NULL,NULL,NULL
375,"Yan Trevino","NY","1","1","1",NULL,"8479.98","2198.96","712.49",NULL,"0",NULL,NULL,NULL,NULL
376,"Elanor Patrick","TX","1",NULL,"1",NULL,"664.98",NULL,"1471.55",NULL,"0",NULL,NULL,NULL,NULL
379,"Mina Carrillo","NY","1",NULL,NULL,"1","6174.99",NULL,NULL,"496.61","0",NULL,NULL,NULL,NULL
380,"Alesia Horne","NY","1","1","1","1","303.98","479.99","899.99","1103.99","0",NULL,NULL,NULL,NULL
383,"Ashlee Pena","NY","1",NULL,"1",NULL,"16505.95",NULL,"799.99",NULL,"0",NULL,NULL,NULL,NULL
384,"Aimee Merritt","NY","1",NULL,NULL,"1","5846.48",NULL,NULL,"2249.96","0",NULL,NULL,NULL,NULL
387,"Kaila Walters","NY","1",NULL,NULL,NULL,"1367.98",NULL,NULL,NULL,"0",NULL,NULL,NULL,NULL
389,"Leif Short","TX","1",NULL,NULL,"1","180.49",NULL,NULL,"697.49","0",NULL,NULL,NULL,NULL
390,"Lorrie Pollard","NY","1",NULL,NULL,NULL,"7439.98",NULL,NULL,NULL,"0",NULL,NULL,NULL,NULL
392,"Cyndi Bush","NY","1","1",NULL,NULL,"799.99","881.98",NULL,NULL,"0",NULL,NULL,NULL,NULL
394,"Virgen Clemons","CA","1",NULL,"1",NULL,"6509.98",NULL,"674.99",NULL,"0",NULL,NULL,NULL,NULL
396,"Laverna Hernandez","NY","1","1",NULL,NULL,"2789.99","1909.97",NULL,NULL,"0",NULL,NULL,NULL,NULL
403,"Elouise Fry","CA","1","1",NULL,NULL,"10296.97","569.99",NULL,NULL,"0",NULL,NULL,NULL,NULL
404,"Augustus Steele","NY","1","1",NULL,NULL,"167.99","351.99",NULL,NULL,"0",NULL,NULL,NULL,NULL
407,"Dannette Guerrero","CA","1","1",NULL,"1","6429.98","479.99",NULL,"809.98","0",NULL,NULL,NULL,NULL
410,"Conception Slater","NY","1","1",NULL,NULL,"4029.98","1448.97",NULL,NULL,"0",NULL,NULL,NULL,NULL
411,"Octavia Case","NY","1","1","1",NULL,"5579.98","899.98","3193.88",NULL,"0",NULL,NULL,NULL,NULL
413,"Ginette Edwards","NY","1","1","1","1","2609.99","569.99","845.98","1199.98","0",NULL,NULL,NULL,NULL
415,"Gwendolyn Miller","TX","1","1",NULL,NULL,"10469.97","879.99",NULL,NULL,"0",NULL,NULL,NULL,NULL
417,"Zoraida Patton","NY","1",NULL,NULL,"1","4639.98",NULL,NULL,"2364.86","0",NULL,NULL,NULL,NULL
420,"Vince Schneider","NY","1","1","1",NULL,"6037.07","522.49","1644.97",NULL,"0",NULL,NULL,NULL,NULL
421,"Iola Rasmussen","NY","1","1","1",NULL,"8939.96","522.49","375.99",NULL,"0",NULL,NULL,NULL,NULL
425,"Augustina Joyner","NY","1","1",NULL,"1","20054.95","256.49",NULL,"197.98","0",NULL,NULL,NULL,NULL
427,"Latonya Dixon","TX","1",NULL,NULL,NULL,"3149.99",NULL,NULL,NULL,"0",NULL,NULL,NULL,NULL
428,"Hipolito Padilla","NY","1","1","1",NULL,"2790.57","926.97","1344.79",NULL,"0",NULL,NULL,NULL,NULL
432,"Julius Holt","NY","1","1",NULL,NULL,"2559.99","929.98",NULL,NULL,"0",NULL,NULL,NULL,NULL
435,"Izola Hobbs","NY","1","1",NULL,"1","2373.98","465.49",NULL,"599.99","0",NULL,NULL,NULL,NULL
437,"Laureen Barry","NY","1","1","1",NULL,"1439.99","2043.94","375.99",NULL,"0",NULL,NULL,NULL,NULL
439,"Sunshine Rosario","NY","1",NULL,NULL,NULL,"2789.99",NULL,NULL,NULL,"0",NULL,NULL,NULL,NULL
440,"Yevette Todd","NY","1",NULL,NULL,"1","3615.98",NULL,NULL,"1247.99","0",NULL,NULL,NULL,NULL
441,"Dorthea Walker","NY","1","1",NULL,NULL,"11979.97","985.78",NULL,NULL,"0",NULL,NULL,NULL,NULL
443,"Ayana Keith","CA","1","1",NULL,"1","3533.98","754.98",NULL,"396.14","0",NULL,NULL,NULL,NULL
444,"Caridad Compton","CA","1","1","1",NULL,"4639.98","1279.98","3025.78",NULL,"0",NULL,NULL,NULL,NULL
447,"Chasidy Tran","CA","1","1",NULL,"1","3419.98","399.99",NULL,"1260.65","0",NULL,NULL,NULL,NULL
450,"Ellsworth Michael","NY","1","1",NULL,"1","1673.99","1502.97",NULL,"853.10","0",NULL,NULL,NULL,NULL
453,"Courtney Wyatt","NY","1","1",NULL,"1","5903.97","527.99",NULL,"1391.98","0",NULL,NULL,NULL,NULL
457,"Jeni Farley","NY","1",NULL,NULL,NULL,"377.98",NULL,NULL,NULL,"0",NULL,NULL,NULL,NULL
460,"Romelia Myers","NY","1","1",NULL,"1","3799.99","1115.98",NULL,"524.39","0",NULL,NULL,NULL,NULL
461,"Effie Jenkins","NY","1",NULL,NULL,"1","2079.99",NULL,NULL,"3688.22","0",NULL,NULL,NULL,NULL
462,"Efren Oliver","NY","1",NULL,NULL,NULL,"11463.96",NULL,NULL,NULL,"0",NULL,NULL,NULL,NULL
463,"Jerlene Rios","NY","1","1",NULL,"1","9263.98","930.98",NULL,"71.99","0",NULL,NULL,NULL,NULL
464,"Bess Mcbride","NY","1",NULL,"1",NULL,"16374.95",NULL,"2478.40",NULL,"0",NULL,NULL,NULL,NULL
470,"Loise Walker","NY","1",NULL,NULL,"1","1619.99",NULL,NULL,"1650.24","0",NULL,NULL,NULL,NULL
472,"Myron Ruiz","NY","1","1",NULL,NULL,"6299.98","1050.48",NULL,NULL,"0",NULL,NULL,NULL,NULL
473,"Lashawna Richardson","NY","1","1","1",NULL,"9299.98","1849.96","446.49",NULL,"0",NULL,NULL,NULL,NULL
476,"Christopher Richardson","CA","1",NULL,NULL,NULL,"1394.98",NULL,NULL,NULL,"0",NULL,NULL,NULL,NULL
478,"Emmett Hahn","NY","1","1",NULL,NULL,"4448.97","251.09",NULL,NULL,"0",NULL,NULL,NULL,NULL
479,"Gertha Mejia","NY","1","1","1","1","5599.98","959.98","949.99","599.99","0",NULL,NULL,NULL,NULL
481,"Jayson Rutledge","TX","1","1",NULL,NULL,"5399.98","1547.97",NULL,NULL,"0",NULL,NULL,NULL,NULL
484,"Chelsey Boyd","TX","1","1",NULL,"1","5393.98","539.99",NULL,"398.97","0",NULL,NULL,NULL,NULL
485,"Catherine Miles","NY","1","1",NULL,"1","278.98","502.18",NULL,"854.38","0",NULL,NULL,NULL,NULL
486,"Valeri Marshall","NY","1",NULL,"1","1","2609.99",NULL,"2849.36","374.78","0",NULL,NULL,NULL,NULL
488,"Joaquin Hawkins","CA","1",NULL,NULL,"1","5599.98",NULL,NULL,"659.28","0",NULL,NULL,NULL,NULL
490,"Yu Mcdonald","NY","1",NULL,"1","1","3679.98",NULL,"1999.99","1124.98","0",NULL,NULL,NULL,NULL
491,"Celestine Jacobs","NY","1","1",NULL,"1","6079.98","297.59",NULL,"593.98","0",NULL,NULL,NULL,NULL
492,"Justa Thompson","NY","1","1",NULL,"1","7439.98","959.98",NULL,"1527.59","0",NULL,NULL,NULL,NULL
495,"Travis Goodman","CA","1","1",NULL,"1","151.99","1439.97",NULL,"854.98","0",NULL,NULL,NULL,NULL
496,"Shu Mays","NY","1",NULL,NULL,"1","6399.98",NULL,NULL,"1656.78","0",NULL,NULL,NULL,NULL
498,"Edda Young","NY","1","1",NULL,NULL,"1673.99","1564.97",NULL,NULL,"0",NULL,NULL,NULL,NULL
499,"Lidia Ashley","NY","1","1","1",NULL,"7254.98","626.99","1822.97",NULL,"0",NULL,NULL,NULL,NULL
500,"Moira Lester","NY","1","1",NULL,"1","4939.98","893.97",NULL,"362.69","0",NULL,NULL,NULL,NULL
502,"Malinda Baxter","NY","1","1",NULL,"1","284.98","1235.18",NULL,"792.28","0",NULL,NULL,NULL,NULL
503,"Marlo Jefferson","NY","1",NULL,NULL,NULL,"13242.96",NULL,NULL,NULL,"0",NULL,NULL,NULL,NULL
506,"Irving Pitts","CA","1",NULL,NULL,"1","7119.98",NULL,NULL,"1239.24","0",NULL,NULL,NULL,NULL
509,"Terra Pickett","NY","1","1","1","1","9857.98","743.99","832.19","353.39","0",NULL,NULL,NULL,NULL
512,"Hee Greer","NY","1",NULL,NULL,"1","2699.99",NULL,NULL,"809.98","0",NULL,NULL,NULL,NULL
515,"Reita Dickson","NY","1","1","1",NULL,"1799.98","1151.98","814.67",NULL,"0",NULL,NULL,NULL,NULL
517,"Buford Gilbert","NY","1",NULL,NULL,"1","8645.96",NULL,NULL,"398.97","0",NULL,NULL,NULL,NULL
518,"Homer Powers","CA","1",NULL,NULL,NULL,"3039.98",NULL,NULL,NULL,"0",NULL,NULL,NULL,NULL
520,"Andreas Herman","NY","1",NULL,NULL,NULL,"2754.99",NULL,NULL,NULL,"0",NULL,NULL,NULL,NULL
524,"Larraine Horn","NY","1","1",NULL,"1","2559.99","613.79",NULL,"1844.07","0",NULL,NULL,NULL,NULL
525,"Andreas Mayer","NY","1","1",NULL,"1","17154.96","431.98",NULL,"527.98","0",NULL,NULL,NULL,NULL
529,"Ellena Clements","CA","1","1","1","1","5399.98","929.98","422.99","815.10","0",NULL,NULL,NULL,NULL
530,"Selene Austin","CA","1","1",NULL,"1","2989.47","278.99",NULL,"2113.58","0",NULL,NULL,NULL,NULL
531,"Kimberely Bowen","NY","1",NULL,NULL,"1","13669.96",NULL,NULL,"1417.30","0",NULL,NULL,NULL,NULL
533,"Garret Clay","TX","1",NULL,NULL,"1","2469.99",NULL,NULL,"876.04","0",NULL,NULL,NULL,NULL
534,"Alejandro Haney","NY","1","1",NULL,NULL,"16369.96","476.99",NULL,NULL,"0",NULL,NULL,NULL,NULL
536,"Christiane Bradford","NY","1","1",NULL,"1","5393.98","1557.96",NULL,"1424.98","0",NULL,NULL,NULL,NULL
538,"Sherie Ayala","CA","1","1","1","1","2696.99","1139.98","2370.56","835.14","0",NULL,NULL,NULL,NULL
540,"Shery Randolph","CA","1",NULL,"1",NULL,"6499.98",NULL,"751.98",NULL,"0",NULL,NULL,NULL,NULL
541,"Lanita Burton","CA","1","1",NULL,"1","8999.97","1206.47",NULL,"1199.98","0",NULL,NULL,NULL,NULL
543,"Jasmin Young","TX","1","1",NULL,NULL,"9499.98","836.98",NULL,NULL,"0",NULL,NULL,NULL,NULL
544,"Catarina Mendez","NY","1",NULL,NULL,"1","9480.97",NULL,NULL,"427.49","0",NULL,NULL,NULL,NULL
545,"Tajuana Rollins","NY","1",NULL,NULL,"1","7324.98",NULL,NULL,"457.89","0",NULL,NULL,NULL,NULL
547,"Tena Huber","NY","1","1",NULL,"1","10373.96","613.79",NULL,"195.29","0",NULL,NULL,NULL,NULL
550,"Felicidad Golden","NY","1","1",NULL,"1","8999.98","492.89",NULL,"1301.48","0",NULL,NULL,NULL,NULL
552,"Lea Key","CA","1","1",NULL,NULL,"1439.99","1009.76",NULL,NULL,"0",NULL,NULL,NULL,NULL
556,"Vernell Goff","NY","1","1",NULL,"1","170.99","1115.98",NULL,"615.59","0",NULL,NULL,NULL,NULL
559,"Basilia Thornton","NY","1","1","1",NULL,"4639.98","1642.16","3126.64",NULL,"0",NULL,NULL,NULL,NULL
564,"Bettie Pierce","NY","1","1",NULL,"1","4079.98","1519.98",NULL,"2792.98","0",NULL,NULL,NULL,NULL
565,"Dagny Owen","TX","1",NULL,"1",NULL,"2696.99",NULL,"2881.14",NULL,"0",NULL,NULL,NULL,NULL
566,"Cinthia Poole","TX","1","1",NULL,"1","2799.99","1259.98",NULL,"398.98","0",NULL,NULL,NULL,NULL
567,"Sheila Travis","TX","1",NULL,NULL,NULL,"5579.96",NULL,NULL,NULL,"0",NULL,NULL,NULL,NULL
568,"Arcelia Vinson","NY","1","1",NULL,NULL,"4639.98","1839.96",NULL,NULL,"0",NULL,NULL,NULL,NULL
569,"Lucas Estes","CA","1","1","1","1","2399.99","569.99","3423.30","712.49","0",NULL,NULL,NULL,NULL
571,"Kaley Blanchard","CA","1","1",NULL,NULL,"5363.96","1214.97",NULL,NULL,"0",NULL,NULL,NULL,NULL
574,"Adriene Rivera","CA","1","1",NULL,"1","5509.98","239.99",NULL,"712.49","0",NULL,NULL,NULL,NULL
576,"Shirely Stanley","TX","1","1",NULL,NULL,"10289.97","284.99",NULL,NULL,"0",NULL,NULL,NULL,NULL
577,"Danille Mcfarland","CA","1","1","1","1","2696.99","557.98","2237.07","417.57","0",NULL,NULL,NULL,NULL
578,"Salena Day","CA","1","1",NULL,NULL,"6399.98","1942.96",NULL,NULL,"0",NULL,NULL,NULL,NULL
579,"Matilda Larson","TX","1",NULL,NULL,"1","5699.98",NULL,NULL,"697.49","0",NULL,NULL,NULL,NULL
580,"Mellisa Kim","CA","1",NULL,NULL,NULL,"2975.99",NULL,NULL,NULL,"0",NULL,NULL,NULL,NULL
581,"Vonda Berger","CA","1","1",NULL,"1","5579.98","1884.86",NULL,"359.20","0",NULL,NULL,NULL,NULL
583,"Lashandra Turner","NY","1","1","1",NULL,"7599.98","1190.47","2788.20",NULL,"0",NULL,NULL,NULL,NULL
587,"Euna Lopez","NY","1","1","1",NULL,"7439.98","423.99","899.99",NULL,"0",NULL,NULL,NULL,NULL
592,"Joni Lee","NY","1",NULL,NULL,NULL,"422.99",NULL,NULL,NULL,"0",NULL,NULL,NULL,NULL
594,"Deanne Parsons","NY","1","1",NULL,"1","8569.98","816.98",NULL,"555.18","0",NULL,NULL,NULL,NULL
595,"Frederica Rojas","NY","1","1",NULL,NULL,"9299.98","3891.96",NULL,NULL,"0",NULL,NULL,NULL,NULL
597,"Rudolf Moran","NY","1","1",NULL,"1","303.98","783.98",NULL,"2929.47","0",NULL,NULL,NULL,NULL
598,"Benito Hendrix","NY","1",NULL,NULL,"1","8999.98",NULL,NULL,"645.40","0",NULL,NULL,NULL,NULL
599,"Jonell Rivas","TX","1","1",NULL,"1","1471.98","645.99",NULL,"1417.30","0",NULL,NULL,NULL,NULL
600,"Joi Reeves","CA","1","1",NULL,"1","1673.99","1956.96",NULL,"407.55","0",NULL,NULL,NULL,NULL
601,"Leland Mcdowell","CA","1",NULL,NULL,NULL,"377.98",NULL,NULL,NULL,"0",NULL,NULL,NULL,NULL
604,"Kylee Dickson","NY","1","1",NULL,NULL,"279.99","557.99",NULL,NULL,"0",NULL,NULL,NULL,NULL
605,"Renita Henry","NY","1",NULL,"1","1","4679.98",NULL,"375.99","386.10","0",NULL,NULL,NULL,NULL
606,"Sarah Kirkland","NY","1","1",NULL,NULL,"3199.98","1187.98",NULL,NULL,"0",NULL,NULL,NULL,NULL
607,"Paul Lester","CA","1",NULL,NULL,"1","15202.93",NULL,NULL,"2377.78","0",NULL,NULL,NULL,NULL
609,"Eliana Reese","NY","1","1",NULL,"1","10329.97","479.99",NULL,"225.89","0",NULL,NULL,NULL,NULL
610,"Leonore Dorsey","NY","1","1","1",NULL,"5509.98","242.99","2943.10",NULL,"0",NULL,NULL,NULL,NULL
611,"Ashleigh Frank","NY","1",NULL,NULL,NULL,"5219.98",NULL,NULL,NULL,"0",NULL,NULL,NULL,NULL
614,"Toshia Cardenas","NY","1","1",NULL,"1","1199.99","239.99",NULL,"2495.98","0",NULL,NULL,NULL,NULL
615,"Jamika Blanchard","NY","1","1",NULL,"1","2319.99","1196.46",NULL,"1394.98","0",NULL,NULL,NULL,NULL
619,"Ana Palmer","CA","1","1",NULL,NULL,"2690.46","1409.97",NULL,NULL,"0",NULL,NULL,NULL,NULL
620,"Eric Hardin","NY","1","1",NULL,NULL,"1673.99","391.99",NULL,NULL,"0",NULL,NULL,NULL,NULL
621,"Basil Ballard","CA","1","1",NULL,NULL,"167.99","1385.97",NULL,NULL,"0",NULL,NULL,NULL,NULL
624,"Sharika Colon","NY","1","1",NULL,"1","2319.99","1115.98",NULL,"835.14","0",NULL,NULL,NULL,NULL
626,"Leigh Burke","NY","1","1",NULL,NULL,"6509.98","512.98",NULL,NULL,"0",NULL,NULL,NULL,NULL
627,"Deloris Larson","CA","1","1",NULL,"1","8879.97","485.98",NULL,"2113.58","0",NULL,NULL,NULL,NULL
628,"Ehtel Cobb","NY","1","1",NULL,NULL,"1349.99","1755.97",NULL,NULL,"0",NULL,NULL,NULL,NULL
629,"Evelina Byrd","NY","1","1",NULL,"1","284.98","440.99",NULL,"1028.17","0",NULL,NULL,NULL,NULL
631,"Tressa Weiss","NY","1","1",NULL,NULL,"6509.98","239.99",NULL,NULL,"0",NULL,NULL,NULL,NULL
637,"Kara Higgins","NY","1","1",NULL,NULL,"2184.99","5942.96",NULL,NULL,"0",NULL,NULL,NULL,NULL
640,"Allison Nolan","NY","1","1","1","1","2879.98","1628.96","892.98","407.55","0",NULL,NULL,NULL,NULL
641,"Derrick Marks","CA","1","1",NULL,"1","2879.98","256.49",NULL,"426.55","0",NULL,NULL,NULL,NULL
645,"Lewis Garner","NY","1",NULL,NULL,"1","1899.98",NULL,NULL,"1918.31","0",NULL,NULL,NULL,NULL
646,"Ann Heath","CA","1","1","1","1","3199.99","1841.36","949.99","476.88","0",NULL,NULL,NULL,NULL
647,"Janelle Maldonado","NY","1",NULL,NULL,"1","901.97",NULL,NULL,"451.78","0",NULL,NULL,NULL,NULL
649,"Eli Contreras","NY","1","1","1",NULL,"7599.98","512.98","437.09",NULL,"0",NULL,NULL,NULL,NULL
651,"Laure Pena","NY","1",NULL,"1",NULL,"16140.46",NULL,"749.69",NULL,"0",NULL,NULL,NULL,NULL
656,"Romana Barnes","NY","1",NULL,NULL,"1","134.99",NULL,NULL,"959.98","0",NULL,NULL,NULL,NULL
660,"Shara Pope","CA","1",NULL,"1",NULL,"5521.98",NULL,"437.09",NULL,"0",NULL,NULL,NULL,NULL
661,"Trena Hudson","NY","1","1","1","1","5224.99","1487.98","1899.98","674.99","0",NULL,NULL,NULL,NULL
662,"Loraine Sykes","NY","1","1",NULL,"1","180.49","2579.96",NULL,"1199.98","0",NULL,NULL,NULL,NULL
663,"Alissa Hood","NY","1",NULL,NULL,"1","13899.97",NULL,NULL,"667.18","0",NULL,NULL,NULL,NULL
665,"Stacie Sims","CA","1",NULL,"1","1","5393.98",NULL,"751.98","894.88","0",NULL,NULL,NULL,NULL
666,"Brittni Green","NY","1",NULL,"1","1","5034.99",NULL,"1999.99","1535.98","0",NULL,NULL,NULL,NULL
671,"Jennette Baker","CA","1","1",NULL,NULL,"151.99","431.98",NULL,NULL,"0",NULL,NULL,NULL,NULL
672,"Elma Molina","NY","1",NULL,NULL,"1","5509.98",NULL,NULL,"1601.05","0",NULL,NULL,NULL,NULL
673,"Adam Henderson","CA","1","1",NULL,NULL,"2799.99","895.48",NULL,NULL,"0",NULL,NULL,NULL,NULL
675,"Kermit Bowman","TX","1","1",NULL,"1","4679.98","1906.45",NULL,"667.18","0",NULL,NULL,NULL,NULL
678,"Myron Johns","NY","1",NULL,NULL,NULL,"1673.99",NULL,NULL,NULL,"0",NULL,NULL,NULL,NULL
680,"Mathilda Pennington","NY","1","1",NULL,NULL,"367.98","1619.98",NULL,NULL,"0",NULL,NULL,NULL,NULL
681,"Reatha Perez","NY","1","1","1","1","9728.98","543.98","1629.34","1228.52","0",NULL,NULL,NULL,NULL
682,"Arnita Thomas","NY","1",NULL,NULL,NULL,"4799.98",NULL,NULL,NULL,"0",NULL,NULL,NULL,NULL
686,"Darcel Harmon","CA","1","1",NULL,NULL,"2754.99","1061.47",NULL,NULL,"0",NULL,NULL,NULL,NULL
687,"Cecilia Camacho","TX","1","1","1","1","4649.99","1072.16","1499.38","749.69","0",NULL,NULL,NULL,NULL
688,"Pearlie Cochran","CA","1",NULL,NULL,NULL,"3347.98",NULL,NULL,NULL,"0",NULL,NULL,NULL,NULL
689,"Deirdre Ryan","NY","1","1",NULL,NULL,"6091.48","712.49",NULL,NULL,"0",NULL,NULL,NULL,NULL
690,"Yevette Elliott","NY","1","1","1","1","8999.98","479.99","1582.68","1042.13","0",NULL,NULL,NULL,NULL
691,"Ladawn Downs","TX","1","1",NULL,"1","2319.99","485.98",NULL,"1261.69","0",NULL,NULL,NULL,NULL
692,"Dorothea Chang","NY","1",NULL,"1",NULL,"12349.98",NULL,"1471.55",NULL,"0",NULL,NULL,NULL,NULL
694,"Lanie Dunn","NY","1","1","1","1","375.99","1487.98","832.19","835.14","0",NULL,NULL,NULL,NULL
696,"Norine Huffman","CA","1",NULL,"1",NULL,"4799.98",NULL,"1440.57",NULL,"0",NULL,NULL,NULL,NULL
699,"Zella Fernandez","NY","1","1",NULL,NULL,"377.98","1044.98",NULL,NULL,"0",NULL,NULL,NULL,NULL
700,"Collene Knox","TX","1",NULL,NULL,"1","12089.98",NULL,NULL,"451.78","0",NULL,NULL,NULL,NULL
701,"Alysia Nicholson","CA","1","1",NULL,NULL,"2510.99","2615.96",NULL,NULL,"0",NULL,NULL,NULL,NULL
702,"Sharie Whitaker","NY","1","1",NULL,"1","5689.96","569.99",NULL,"502.19","0",NULL,NULL,NULL,NULL
706,"Lolita O'neill","NY","1","1","1",NULL,"1214.98","485.98","751.98",NULL,"0",NULL,NULL,NULL,NULL
709,"Vinnie Chan","NY","1","1",NULL,NULL,"2789.99","569.98",NULL,NULL,"0",NULL,NULL,NULL,NULL
711,"Jovita Bishop","NY","1","1","1","1","1619.99","1051.48","929.99","835.14","0",NULL,NULL,NULL,NULL
712,"Kecia Olsen","CA","1","1",NULL,NULL,"2849.99","215.99",NULL,NULL,"0",NULL,NULL,NULL,NULL
713,"Ilona Spears","NY","1","1",NULL,"1","7877.07","502.18",NULL,"333.59","0",NULL,NULL,NULL,NULL
715,"Larae Carney","NY","1",NULL,NULL,"1","4928.99",NULL,NULL,"5258.95","0",NULL,NULL,NULL,NULL
717,"Kristofer Craig","NY","1","1",NULL,NULL,"6209.97","449.99",NULL,NULL,"0",NULL,NULL,NULL,NULL
723,"Vicki Wiggins","NY","1","1",NULL,"1","3799.99","1464.97",NULL,"809.09","0",NULL,NULL,NULL,NULL
724,"Lois Steele","NY","1","1",NULL,NULL,"5393.98","758.67",NULL,NULL,"0",NULL,NULL,NULL,NULL
726,"Rochell Cantrell","NY","1","1","1","1","2399.99","796.48","3126.64","853.10","0",NULL,NULL,NULL,NULL
727,"Kasha Sullivan","NY","1","1",NULL,"1","4639.98","742.47",NULL,"2472.78","0",NULL,NULL,NULL,NULL
728,"Viva Dawson","NY","1","1","1","1","3239.98","1487.97","2478.40","712.49","0",NULL,NULL,NULL,NULL
732,"Lavona Austin","NY","1","1",NULL,"1","7599.98","1015.98",NULL,"359.20","0",NULL,NULL,NULL,NULL
734,"Alina Mcleod","NY","1","1",NULL,NULL,"12387.54","899.98",NULL,NULL,"0",NULL,NULL,NULL,NULL
738,"Fannie Jenkins","CA","1","1","1",NULL,"2849.98","4523.97","2158.40",NULL,"0",NULL,NULL,NULL,NULL
739,"Bobbi Banks","NY","1",NULL,"1",NULL,"1619.99",NULL,"3126.64",NULL,"0",NULL,NULL,NULL,NULL
742,"Evelina Manning","NY","1","1",NULL,"1","1439.99","799.98",NULL,"2377.78","0",NULL,NULL,NULL,NULL
744,"Laurel Schultz","NY","1","1",NULL,"1","3775.97","743.99",NULL,"1403.99","0",NULL,NULL,NULL,NULL
747,"Margret Barnett","TX","1",NULL,NULL,"1","8799.98",NULL,NULL,"3031.35","0",NULL,NULL,NULL,NULL
748,"Oliva Blackwell","NY","1","1",NULL,"1","2469.99","2259.97",NULL,"1652.98","0",NULL,NULL,NULL,NULL
749,"Oralia Farley","CA","1",NULL,NULL,"1","5129.98",NULL,NULL,"763.57","0",NULL,NULL,NULL,NULL
751,"Hermila Mckay","CA","1",NULL,NULL,"1","5175.98",NULL,NULL,"322.39","0",NULL,NULL,NULL,NULL
752,"Lloyd Miranda","CA","1",NULL,NULL,NULL,"170.99",NULL,NULL,NULL,"0",NULL,NULL,NULL,NULL
754,"Hue May","NY","1","1","1",NULL,"5868.95","595.19","422.99",NULL,"0",NULL,NULL,NULL,NULL
755,"Tomika Wilder","NY","1","1",NULL,"1","5219.98","1508.96",NULL,"2481.77","0",NULL,NULL,NULL,NULL
758,"Raymonde Garcia","NY","1","1",NULL,NULL,"5219.98","949.98",NULL,NULL,"0",NULL,NULL,NULL,NULL
760,"Marisa Chambers","NY","1","1",NULL,"1","2319.99","949.98",NULL,"835.14","0",NULL,NULL,NULL,NULL
762,"Quyen Houston","NY","1",NULL,"1",NULL,"5114.99",NULL,"422.99",NULL,"0",NULL,NULL,NULL,NULL
765,"Spring Hayes","NY","1",NULL,NULL,"1","4511.37",NULL,NULL,"225.89","0",NULL,NULL,NULL,NULL
768,"Yvone Yates","CA","1","1","1",NULL,"4679.98","989.99","845.98",NULL,"0",NULL,NULL,NULL,NULL
770,"Lavonda Stephenson","NY","1","1",NULL,NULL,"1424.99","783.98",NULL,NULL,"0",NULL,NULL,NULL,NULL
773,"Yolando Wade","NY","1",NULL,"1","1","2696.99",NULL,"751.98","1424.98","0",NULL,NULL,NULL,NULL
774,"Nenita Mooney","CA","1","1",NULL,"1","4513.37","455.69",NULL,"836.98","0",NULL,NULL,NULL,NULL
775,"Kermit Hyde","NY","1",NULL,NULL,"1","167.99",NULL,NULL,"740.08","0",NULL,NULL,NULL,NULL
778,"Corrinne Garrison","TX","1","1",NULL,"1","6299.98","783.98",NULL,"1397.93","0",NULL,NULL,NULL,NULL
779,"Major Merrill","NY","1",NULL,"1","1","3419.98",NULL,"799.99","835.14","0",NULL,NULL,NULL,NULL
780,"Ouida Gregory","NY","1",NULL,"1",NULL,"9919.97",NULL,"1394.10",NULL,"0",NULL,NULL,NULL,NULL
781,"Tajuana Riddle","NY","1",NULL,NULL,"1","3719.99",NULL,NULL,"485.99","0",NULL,NULL,NULL,NULL
782,"Ricki Bullock","NY","1",NULL,NULL,"1","6669.97",NULL,NULL,"513.35","0",NULL,NULL,NULL,NULL
783,"Celestine Kent","NY","1","1",NULL,"1","8899.97","1696.47",NULL,"401.58","0",NULL,NULL,NULL,NULL
787,"Malisa Mitchell","NY","1","1",NULL,"1","6174.98","911.38",NULL,"488.98","0",NULL,NULL,NULL,NULL
790,"Petronila Gallegos","NY","1","1",NULL,"1","799.99","1022.98",NULL,"896.50","0",NULL,NULL,NULL,NULL
794,"Donette Mccarthy","CA","1","1",NULL,NULL,"8809.97","464.99",NULL,NULL,"0",NULL,NULL,NULL,NULL
798,"Alyse Jacobson","NY","1",NULL,NULL,"1","7892.35",NULL,NULL,"3170.06","0",NULL,NULL,NULL,NULL
800,"Cris Dunn","NY","1","1",NULL,NULL,"7439.98","737.07",NULL,NULL,"0",NULL,NULL,NULL,NULL
802,"Barrett Sanders","TX","1","1",NULL,"1","7599.98","949.98",NULL,"835.14","0",NULL,NULL,NULL,NULL
803,"Bernardina Cooper","NY","1",NULL,NULL,"1","12339.97",NULL,NULL,"527.98","0",NULL,NULL,NULL,NULL
806,"Reyes Merritt","NY","1","1",NULL,NULL,"2399.99","1637.97",NULL,NULL,"0",NULL,NULL,NULL,NULL
808,"Vallie Dixon","TX","1",NULL,"1",NULL,"7183.97",NULL,"899.99",NULL,"0",NULL,NULL,NULL,NULL
809,"Elnora Simpson","NY","1","1",NULL,"1","13864.94","557.99",NULL,"993.22","0",NULL,NULL,NULL,NULL
810,"Ivelisse Nixon","TX","1",NULL,"1","1","7999.98",NULL,"1999.99","951.59","0",NULL,NULL,NULL,NULL
815,"Leanna Manning","NY","1","1","1",NULL,"5393.98","439.99","4786.07",NULL,"0",NULL,NULL,NULL,NULL
816,"Marshall Johnson","CA","1","1",NULL,NULL,"949.99","719.99",NULL,NULL,"0",NULL,NULL,NULL,NULL
819,"Yahaira Robertson","NY","1","1",NULL,"1","2879.98","1051.07",NULL,"853.10","0",NULL,NULL,NULL,NULL
821,"Cassidy Clark","NY","1",NULL,NULL,"1","303.98",NULL,NULL,"329.64","0",NULL,NULL,NULL,NULL
822,"Kristy Watkins","NY","1",NULL,NULL,NULL,"1396.49",NULL,NULL,NULL,"0",NULL,NULL,NULL,NULL
824,"Veronika Rollins","NY","1","1",NULL,NULL,"9499.98","632.38",NULL,NULL,"0",NULL,NULL,NULL,NULL
829,"Marcy Rodriguez","NY","1",NULL,NULL,NULL,"845.98",NULL,NULL,NULL,"0",NULL,NULL,NULL,NULL
831,"Lory Berg","NY","1","1",NULL,NULL,"3719.99","449.99",NULL,NULL,"0",NULL,NULL,NULL,NULL
832,"Pamala Fowler","NY","1","1",NULL,"1","2159.99","881.98",NULL,"104.49","0",NULL,NULL,NULL,NULL
836,"Corinna Adams","NY","1",NULL,NULL,"1","8459.96",NULL,NULL,"701.98","0",NULL,NULL,NULL,NULL
837,"Kellye Campbell","NY","1","1","1","1","279.99","1413.97","4749.98","385.59","0",NULL,NULL,NULL,NULL
838,"Erna Sloan","NY","1",NULL,"1",NULL,"8139.97",NULL,"1709.10",NULL,"0",NULL,NULL,NULL,NULL
840,"Gilbert Calhoun","NY","1",NULL,NULL,"1","14299.97",NULL,NULL,"797.94","0",NULL,NULL,NULL,NULL
842,"Giselle Robles","TX","1",NULL,NULL,"1","195.29",NULL,NULL,"496.79","0",NULL,NULL,NULL,NULL
844,"Felica Munoz","NY","1",NULL,"1","1","8329.97",NULL,"446.49","1410.17","0",NULL,NULL,NULL,NULL
846,"Sylvester Chan","CA","1","1",NULL,NULL,"188.99","539.98",NULL,NULL,"0",NULL,NULL,NULL,NULL
848,"Ernestina Skinner","NY","1","1","1",NULL,"3799.99","439.99","751.98",NULL,"0",NULL,NULL,NULL,NULL
853,"Brittney Rojas","NY","1","1",NULL,"1","5739.97","1052.98",NULL,"808.20","0",NULL,NULL,NULL,NULL
856,"Lara Guy","NY","1",NULL,NULL,NULL,"3659.98",NULL,NULL,NULL,"0",NULL,NULL,NULL,NULL
859,"Julianne Shannon","TX","1",NULL,NULL,"1","6869.95",NULL,NULL,"789.38","0",NULL,NULL,NULL,NULL
861,"Olympia Figueroa","NY","1","1",NULL,NULL,"3599.99","569.99",NULL,NULL,"0",NULL,NULL,NULL,NULL
862,"Mellie Puckett","NY","1","1","1","1","3999.98","809.99","799.99","225.89","0",NULL,NULL,NULL,NULL
864,"Lore Sykes","NY","1","1",NULL,NULL,"2159.99","1230.47",NULL,NULL,"0",NULL,NULL,NULL,NULL
866,"Lynwood Jackson","TX","1","1",NULL,NULL,"5798.96","1044.98",NULL,NULL,"0",NULL,NULL,NULL,NULL
867,"Rosalva Hamilton","CA","1",NULL,NULL,NULL,"10529.96",NULL,NULL,NULL,"0",NULL,NULL,NULL,NULL
869,"Rodrigo Durham","NY","1",NULL,NULL,"1","142.49",NULL,NULL,"894.88","0",NULL,NULL,NULL,NULL
870,"Dwain Carlson","NY","1","1",NULL,NULL,"6821.46","1487.98",NULL,NULL,"0",NULL,NULL,NULL,NULL
871,"Erlinda Humphrey","NY","1","1","1","1","6649.98","512.98","1394.10","3031.59","0",NULL,NULL,NULL,NULL
878,"Melodie Melton","NY","1","1",NULL,"1","5599.98","1304.97",NULL,"1079.98","0",NULL,NULL,NULL,NULL
880,"Phebe Turner","NY","1","1","1",NULL,"7750.47","332.49","3037.36",NULL,"0",NULL,NULL,NULL,NULL
882,"Hilda Harvey","NY","1",NULL,NULL,"1","5393.98",NULL,NULL,"835.14","0",NULL,NULL,NULL,NULL
883,"Gilberte Duke","TX","1","1","1","1","11679.97","284.99","446.49","695.99","0",NULL,NULL,NULL,NULL
885,"Janna Hayden","TX","1","1","1",NULL,"2789.99","941.97","892.98",NULL,"0",NULL,NULL,NULL,NULL
886,"Letisha May","NY","1","1",NULL,"1","7809.98","881.98",NULL,"1235.24","0",NULL,NULL,NULL,NULL
887,"Graig Cannon","NY","1",NULL,NULL,"1","3464.97",NULL,NULL,"904.37","0",NULL,NULL,NULL,NULL
888,"Coleen Navarro","NY","1","1",NULL,"1","8286.97","1044.98",NULL,"1396.49","0",NULL,NULL,NULL,NULL
890,"Rosanne George","NY","1","1",NULL,"1","2975.99","256.49",NULL,"518.39","0",NULL,NULL,NULL,NULL
892,"Alissa Craft","NY","1",NULL,NULL,NULL,"2754.99",NULL,NULL,NULL,"0",NULL,NULL,NULL,NULL
893,"Letty Cobb","NY","1","1",NULL,"1","6184.98","879.98",NULL,"1755.18","0",NULL,NULL,NULL,NULL
894,"Nathaniel Richard","NY","1","1",NULL,"1","2849.99","899.98",NULL,"745.30","0",NULL,NULL,NULL,NULL
895,"Elaina Key","NY","1","1","1",NULL,"3239.98","562.48","3126.64",NULL,"0",NULL,NULL,NULL,NULL
896,"Stefani Gamble","NY","1","1","1","1","3599.99","485.98","1440.57","1188.89","0",NULL,NULL,NULL,NULL
898,"Crysta Velez","TX","1",NULL,NULL,"1","3149.99",NULL,NULL,"417.57","0",NULL,NULL,NULL,NULL
899,"Carisa Carpenter","TX","1",NULL,NULL,NULL,"3239.98",NULL,NULL,NULL,"0",NULL,NULL,NULL,NULL
900,"Jule Davenport","CA","1","1",NULL,"1","1899.98","1979.98",NULL,"418.49","0",NULL,NULL,NULL,NULL
903,"Maira Long","NY","1","1",NULL,"1","1899.99","2937.95",NULL,"750.58","0",NULL,NULL,NULL,NULL
904,"Jana Thomas","CA","1","1",NULL,NULL,"13894.96","502.18",NULL,NULL,"0",NULL,NULL,NULL,NULL
905,"Hae Ramirez","NY","1",NULL,NULL,NULL,"12089.98",NULL,NULL,NULL,"0",NULL,NULL,NULL,NULL
906,"Erik Leblanc","TX","1",NULL,NULL,NULL,"4749.98",NULL,NULL,NULL,"0",NULL,NULL,NULL,NULL
908,"Delmar Wise","NY","1","1",NULL,NULL,"14879.96","559.98",NULL,NULL,"0",NULL,NULL,NULL,NULL
910,"Elenore William","TX","1",NULL,NULL,"1","3932.47",NULL,NULL,"401.58","0",NULL,NULL,NULL,NULL
912,"Inocencia Key","NY","1",NULL,NULL,NULL,"4949.99",NULL,NULL,NULL,"0",NULL,NULL,NULL,NULL
914,"Hortencia O'neil","NY","1","1",NULL,NULL,"295.99","1497.77",NULL,NULL,"0",NULL,NULL,NULL,NULL
915,"Beryl Bennett","CA","1",NULL,NULL,"1","446.49",NULL,NULL,"854.98","0",NULL,NULL,NULL,NULL
916,"Alishia Elliott","NY","1","1","1","1","4649.99","1487.98","929.99","883.18","0",NULL,NULL,NULL,NULL
917,"Vernia Madden","NY","1",NULL,NULL,NULL,"5219.98",NULL,NULL,NULL,"0",NULL,NULL,NULL,NULL
919,"Ruthanne Hoover","CA","1","1","1",NULL,"3419.98","1639.97","929.99",NULL,"0",NULL,NULL,NULL,NULL
920,"James Robles","NY","1","1","1","1","6589.98","712.49","845.98","1166.38","0",NULL,NULL,NULL,NULL
922,"Elvia Cardenas","NY","1",NULL,"1","1","4856.98",NULL,"949.99","1171.74","0",NULL,NULL,NULL,NULL
923,"Randee Pitts","CA","1",NULL,"1",NULL,"2789.99",NULL,"2881.14",NULL,"0",NULL,NULL,NULL,NULL
929,"Thurman Ellis","CA","1","1","1",NULL,"2319.99","1024.67","1344.79",NULL,"0",NULL,NULL,NULL,NULL
934,"Ocie Slater","NY","1",NULL,"1",NULL,"6649.98",NULL,"1349.98",NULL,"0",NULL,NULL,NULL,NULL
935,"Genevie Miles","NY","1","1",NULL,"1","139.49","959.98",NULL,"750.58","0",NULL,NULL,NULL,NULL
937,"Aida Koch","NY","1","1",NULL,NULL,"2879.98","985.78",NULL,NULL,"0",NULL,NULL,NULL,NULL
945,"Krissy Ochoa","NY","1","1",NULL,NULL,"874.18","3940.44",NULL,NULL,"0",NULL,NULL,NULL,NULL
946,"Angella Bridges","NY","1",NULL,"1",NULL,"1619.99",NULL,"2442.34",NULL,"0",NULL,NULL,NULL,NULL
948,"Siobhan Lang","NY","1","1",NULL,NULL,"6478.97","314.99",NULL,NULL,"0",NULL,NULL,NULL,NULL
949,"Venessa Frost","NY","1","1","1",NULL,"134.99","251.09","892.98",NULL,"0",NULL,NULL,NULL,NULL
952,"Aileen Marquez","CA","1","1",NULL,"1","2849.99","539.98",NULL,"1254.94","0",NULL,NULL,NULL,NULL
954,"Hassan Nash","NY","1","1",NULL,NULL,"2789.99","479.99",NULL,NULL,"0",NULL,NULL,NULL,NULL
955,"Delfina Gilliam","NY","1",NULL,NULL,NULL,"4274.98",NULL,NULL,NULL,"0",NULL,NULL,NULL,NULL
957,"Stephen Vega","CA","1",NULL,NULL,"1","119.99",NULL,NULL,"792.28","0",NULL,NULL,NULL,NULL
958,"Ciera Koch","TX","1","1","1","1","1394.99","2045.97","1306.39","809.98","0",NULL,NULL,NULL,NULL
959,"Christel Barber","CA","1","1","1",NULL,"7439.98","953.98","422.99",NULL,"0",NULL,NULL,NULL,NULL
960,"Arline Lawson","NY","1","1",NULL,"1","6299.98","251.09",NULL,"1444.73","0",NULL,NULL,NULL,NULL
965,"Margit Osborn","NY","1","1",NULL,NULL,"2879.98","1901.95",NULL,NULL,"0",NULL,NULL,NULL,NULL
966,"Novella Patel","NY","1","1",NULL,"1","2789.98","284.99",NULL,"2032.89","0",NULL,NULL,NULL,NULL
968,"Jonna Brown","NY","1",NULL,NULL,NULL,"1394.99",NULL,NULL,NULL,"0",NULL,NULL,NULL,NULL
970,"Ruth Horton","NY","1",NULL,NULL,NULL,"4499.99",NULL,NULL,NULL,"0",NULL,NULL,NULL,NULL
971,"Samual Warner","NY","1","1","1","1","9667.97","1139.98","4649.98","418.49","0",NULL,NULL,NULL,NULL
972,"Damian Mills","NY","1","1",NULL,NULL,"5784.98","611.98",NULL,NULL,"0",NULL,NULL,NULL,NULL
974,"Marcell Barrett","NY","1",NULL,NULL,"1","446.49",NULL,NULL,"750.58","0",NULL,NULL,NULL,NULL
975,"Annis Sanchez","CA","1","1",NULL,NULL,"2696.99","1572.97",NULL,NULL,"0",NULL,NULL,NULL,NULL
976,"Ayanna Cherry","NY","1","1",NULL,"1","15769.95","783.98",NULL,"396.14","0",NULL,NULL,NULL,NULL
977,"Barton Cox","NY","1","1",NULL,"1","1673.99","800.97",NULL,"853.10","0",NULL,NULL,NULL,NULL
980,"Carter Booth","NY","1",NULL,NULL,"1","422.99",NULL,NULL,"993.58","0",NULL,NULL,NULL,NULL
983,"Marguerite Berger","CA","1","1",NULL,"1","7423.97","650.98",NULL,"1638.00","0",NULL,NULL,NULL,NULL
984,"Ivette Warren","NY","1","1","1",NULL,"3799.99","1296.47","1239.20",NULL,"0",NULL,NULL,NULL,NULL
985,"Milagros Weber","TX","1","1",NULL,"1","5599.98","1128.97",NULL,"401.58","0",NULL,NULL,NULL,NULL
986,"Marcel Lindsay","NY","1","1","1","1","1673.99","929.98","751.98","1188.89","0",NULL,NULL,NULL,NULL
987,"Louis Powell","NY","1","1",NULL,NULL,"402.28","2335.97",NULL,NULL,"0",NULL,NULL,NULL,NULL
990,"Casimira Chapman","NY","1","1",NULL,"1","3419.98","1052.98",NULL,"3727.76","0",NULL,NULL,NULL,NULL
991,"Brigida Larson","CA","1","1","1","1","5399.98","953.98","949.99","758.17","0",NULL,NULL,NULL,NULL
997,"Trinidad Mcclain","NY","1","1","1",NULL,"8819.97","569.99","1596.94",NULL,"0",NULL,NULL,NULL,NULL
998,"Heather Chaney","NY","1","1",NULL,NULL,"4499.99","1028.97",NULL,NULL,"0",NULL,NULL,NULL,NULL
999,"Latoya Johns","NY","1","1","1",NULL,"2849.99","799.78","2881.14",NULL,"0",NULL,NULL,NULL,NULL
1003,"Sharell Ross","CA","1",NULL,NULL,"1","2699.98",NULL,NULL,"894.88","0",NULL,NULL,NULL,NULL
1005,"Ruthanne Franco","NY","1","1",NULL,NULL,"16999.97","611.99",NULL,NULL,"0",NULL,NULL,NULL,NULL
1006,"Marjory Leonard","CA","1","1",NULL,"1","3599.99","899.98",NULL,"2223.10","0",NULL,NULL,NULL,NULL
1007,"Jimmy Russell","NY","1",NULL,NULL,NULL,"18278.94",NULL,NULL,NULL,"0",NULL,NULL,NULL,NULL
1010,"Katia Henry","NY","1","1",NULL,NULL,"5999.99","3479.96",NULL,NULL,"0",NULL,NULL,NULL,NULL
1012,"Josephine Dale","NY","1","1","1","1","2319.99","502.18","1512.89","2377.78","0",NULL,NULL,NULL,NULL
1014,"Ling Newman","NY","1",NULL,NULL,NULL,"5699.98",NULL,NULL,NULL,"0",NULL,NULL,NULL,NULL
1015,"Nichelle Rosario","NY","1",NULL,NULL,NULL,"6824.97",NULL,NULL,NULL,"0",NULL,NULL,NULL,NULL
1016,"Shenna Benton","NY","1","1",NULL,NULL,"1349.99","447.98",NULL,NULL,"0",NULL,NULL,NULL,NULL
1017,"Philip Bryan","CA","1","1",NULL,NULL,"437.09","930.98",NULL,NULL,"0",NULL,NULL,NULL,NULL
1018,"Carita Salinas","NY","1",NULL,NULL,"1","9999.97",NULL,NULL,"792.28","0",NULL,NULL,NULL,NULL
1019,"Janie Herrera","NY","1","1",NULL,"1","10289.97","431.98",NULL,"1228.52","0",NULL,NULL,NULL,NULL
1020,"Lorraine Marks","CA","1","1","1","1","12089.98","215.99","1499.38","335.98","0",NULL,NULL,NULL,NULL
1021,"Nicolas Carlson","NY","1",NULL,"1","1","2069.99",NULL,"1799.98","1993.47","0",NULL,NULL,NULL,NULL
1023,"Adena Blake","NY","1",NULL,NULL,NULL,"19329.95",NULL,NULL,NULL,"0",NULL,NULL,NULL,NULL
1024,"Coleman Boyd","TX","1","1",NULL,"1","4799.99","1386.67",NULL,"225.89","0",NULL,NULL,NULL,NULL
1026,"Jenine Dawson","NY","1","1",NULL,NULL,"6318.96","1619.98",NULL,NULL,"0",NULL,NULL,NULL,NULL
1028,"Shanna Bonner","NY","1","1",NULL,NULL,"2319.99","1244.97",NULL,NULL,"0",NULL,NULL,NULL,NULL
1030,"Saran Moses","NY","1","1",NULL,NULL,"2609.99","439.99",NULL,NULL,"0",NULL,NULL,NULL,NULL
1031,"Tonja Bean","NY","1","1",NULL,"1","6044.99","2074.96",NULL,"667.18","0",NULL,NULL,NULL,NULL
1032,"Vernon Knowles","NY","1","1",NULL,NULL,"2609.99","511.49",NULL,NULL,"0",NULL,NULL,NULL,NULL
1033,"Jeannette Skinner","NY","1","1",NULL,"1","176.69","2045.98",NULL,"667.18","0",NULL,NULL,NULL,NULL
1034,"Rico Salas","NY","1","1","1",NULL,"7599.98","1035.47","1239.20",NULL,"0",NULL,NULL,NULL,NULL
1037,"Ashanti Hammond","NY","1",NULL,"1","1","14079.97",NULL,"2478.40","1199.98","0",NULL,NULL,NULL,NULL
1041,"Bettye Espinoza","NY","1","1",NULL,"1","4319.98","1139.98",NULL,"167.99","0",NULL,NULL,NULL,NULL
1042,"Larissa Hays","NY","1","1","1","1","3419.98","485.98","874.18","808.20","0",NULL,NULL,NULL,NULL
1043,"Diane Jones","NY","1",NULL,NULL,"1","6481.17",NULL,NULL,"775.60","0",NULL,NULL,NULL,NULL
1048,"Ji Burt","CA","1","1",NULL,NULL,"4799.98","1519.96",NULL,NULL,"0",NULL,NULL,NULL,NULL
1051,"Tonisha Fowler","NY","1",NULL,NULL,NULL,"9399.97",NULL,NULL,NULL,"0",NULL,NULL,NULL,NULL
1052,"Zora Ford","CA","1","1",NULL,NULL,"7051.96","611.99",NULL,NULL,"0",NULL,NULL,NULL,NULL
1053,"Parthenia Figueroa","NY","1","1",NULL,NULL,"440.99","816.98",NULL,NULL,"0",NULL,NULL,NULL,NULL
1054,"Arielle Levine","TX","1","1",NULL,NULL,"2696.99","1202.98",NULL,NULL,"0",NULL,NULL,NULL,NULL
1055,"Hildegarde Christensen","NY","1",NULL,NULL,NULL,"2849.99",NULL,NULL,NULL,"0",NULL,NULL,NULL,NULL
1057,"Conchita Boone","NY","1","1","1","1","2975.99","569.98","1681.37","624.58","0",NULL,NULL,NULL,NULL
1058,"Aisha Woods","NY","1","1",NULL,NULL,"2319.99","423.99",NULL,NULL,"0",NULL,NULL,NULL,NULL
1060,"Tommie Cooley","NY","1","1","1",NULL,"6649.98","569.99","791.34",NULL,"0",NULL,NULL,NULL,NULL
1062,"Jerri Guthrie","NY","1","1","1",NULL,"2319.99","494.99","1662.19",NULL,"0",NULL,NULL,NULL,NULL
1063,"Tammy Austin","TX","1",NULL,NULL,"1","11999.96",NULL,NULL,"1765.58","0",NULL,NULL,NULL,NULL
1067,"Lillia Gillespie","NY","1",NULL,NULL,"1","1439.99",NULL,NULL,"2690.35","0",NULL,NULL,NULL,NULL
1069,"Rodolfo Buck","NY","1",NULL,"1",NULL,"6839.97",NULL,"1440.57",NULL,"0",NULL,NULL,NULL,NULL
1070,"Olimpia Mays","NY","1","1",NULL,"1","10229.98","557.99",NULL,"1986.27","0",NULL,NULL,NULL,NULL
1072,"Maryalice Henry","TX","1","1",NULL,"1","284.98","1079.98",NULL,"2699.87","0",NULL,NULL,NULL,NULL
1076,"Sherise Mercer","CA","1",NULL,NULL,NULL,"1619.99",NULL,NULL,NULL,"0",NULL,NULL,NULL,NULL
1081,"Carson Macias","NY","1","1",NULL,"1","4319.98","1049.97",NULL,"2377.78","0",NULL,NULL,NULL,NULL
1082,"Divina Madden","NY","1",NULL,NULL,NULL,"3199.99",NULL,NULL,NULL,"0",NULL,NULL,NULL,NULL
1083,"Cher Alston","NY","1","1",NULL,NULL,"1655.98","2210.06",NULL,NULL,"0",NULL,NULL,NULL,NULL
1084,"Regine Odom","NY","1","1","1",NULL,"4749.99","1394.98","2158.40",NULL,"0",NULL,NULL,NULL,NULL
1085,"Adam Thornton","NY","1",NULL,"1",NULL,"3419.98",NULL,"2421.54",NULL,"0",NULL,NULL,NULL,NULL
1086,"Cori Schwartz","NY","1",NULL,"1",NULL,"11094.46",NULL,"1306.39",NULL,"0",NULL,NULL,NULL,NULL
1087,"Willow Gardner","CA","1","1",NULL,"1","1199.99","239.99",NULL,"750.58","0",NULL,NULL,NULL,NULL
1088,"Jane Henderson","CA","1",NULL,NULL,"1","1439.99",NULL,NULL,"2353.17","0",NULL,NULL,NULL,NULL
1089,"Chere Mcfadden","NY","1","1",NULL,NULL,"5936.97","847.98",NULL,NULL,"0",NULL,NULL,NULL,NULL
1090,"Ira Erickson","NY","1","1",NULL,NULL,"11510.97","881.98",NULL,NULL,"0",NULL,NULL,NULL,NULL
1093,"Alejandrina Hodges","NY","1","1","1","1","437.09","557.98","929.99","1522.17","0",NULL,NULL,NULL,NULL
1096,"Tonda Webb","NY","1","1","1",NULL,"1619.99","749.38","1799.98",NULL,"0",NULL,NULL,NULL,NULL
1098,"Treasa Dickerson","NY","1",NULL,NULL,"1","279.99",NULL,NULL,"609.59","0",NULL,NULL,NULL,NULL
1100,"Penny Acevedo","NY","1","1",NULL,NULL,"18110.94","559.98",NULL,NULL,"0",NULL,NULL,NULL,NULL
1103,"Ardelia Cooley","CA","1","1",NULL,NULL,"11839.97","494.99",NULL,NULL,"0",NULL,NULL,NULL,NULL
1104,"Khalilah Robertson","NY","1","1",NULL,NULL,"1859.98","502.18",NULL,NULL,"0",NULL,NULL,NULL,NULL
1105,"Armando Black","TX","1","1","1","1","284.98","455.69","1664.38","438.02","0",NULL,NULL,NULL,NULL
1107,"Lynda Newman","NY","1",NULL,NULL,"1","845.98",NULL,NULL,"1022.98","0",NULL,NULL,NULL,NULL
1111,"Caroline Jenkins","TX","1",NULL,NULL,NULL,"170.99",NULL,NULL,NULL,"0",NULL,NULL,NULL,NULL
1112,"Hollis Rasmussen","NY","1","1","1",NULL,"2849.99","959.98","1899.98",NULL,"0",NULL,NULL,NULL,NULL
1114,"Douglass Blankenship","NY","1","1",NULL,"1","353.38","989.98",NULL,"607.98","0",NULL,NULL,NULL,NULL
1117,"Jeffrey Hill","NY","1",NULL,NULL,"1","1619.99",NULL,NULL,"225.89","0",NULL,NULL,NULL,NULL
1118,"Ja Dillard","CA","1","1","1","1","1349.99","1044.98","1394.07","4158.40","0",NULL,NULL,NULL,NULL
1119,"Tora Dunlap","NY","1","1",NULL,"1","4799.98","557.99",NULL,"417.57","0",NULL,NULL,NULL,NULL
1120,"Karole Alvarez","NY","1",NULL,"1","1","5954.97",NULL,"799.99","404.99","0",NULL,NULL,NULL,NULL
1121,"Shasta Combs","NY","1",NULL,NULL,"1","1673.99",NULL,NULL,"686.40","0",NULL,NULL,NULL,NULL
1122,"Cicely Deleon","NY","1","1",NULL,NULL,"3239.98","3461.47",NULL,NULL,"0",NULL,NULL,NULL,NULL
1124,"Hubert Reilly","NY","1",NULL,NULL,NULL,"3419.98",NULL,NULL,NULL,"0",NULL,NULL,NULL,NULL
1125,"Caleb England","CA","1","1",NULL,"1","4859.98","1642.46",NULL,"836.98","0",NULL,NULL,NULL,NULL
1126,"Elmira Levy","NY","1","1",NULL,NULL,"6386.06","332.49",NULL,NULL,"0",NULL,NULL,NULL,NULL
1127,"Waldo Hart","NY","1",NULL,"1",NULL,"2609.99",NULL,"422.99",NULL,"0",NULL,NULL,NULL,NULL
1128,"Bea Kane","NY","1","1",NULL,"1","377.98","953.97",NULL,"1311.29","0",NULL,NULL,NULL,NULL
1129,"Gilberto Sanders","NY","1","1",NULL,"1","2699.99","920.97",NULL,"876.04","0",NULL,NULL,NULL,NULL
1131,"Desmond Rose","NY","1","1","1",NULL,"13574.95","278.99","712.49",NULL,"0",NULL,NULL,NULL,NULL
1132,"Parthenia Holman","NY","1",NULL,"1","1","11179.97",NULL,"674.99","3350.97","0",NULL,NULL,NULL,NULL
1133,"Dung King","NY","1","1",NULL,NULL,"2069.99","2045.98",NULL,NULL,"0",NULL,NULL,NULL,NULL
1134,"Sherril Alvarado","TX","1",NULL,NULL,"1","437.09",NULL,NULL,"5286.65","0",NULL,NULL,NULL,NULL
1135,"Alisia Albert","TX","1","1",NULL,NULL,"2324.99","3825.95",NULL,NULL,"0",NULL,NULL,NULL,NULL
1136,"Kallie Best","NY","1",NULL,"1","1","7359.98",NULL,"1899.98","2168.69","0",NULL,NULL,NULL,NULL
1137,"Dottie Roberts","NY","1","1","1",NULL,"2799.99","911.38","2943.10",NULL,"0",NULL,NULL,NULL,NULL
1138,"Hubert Stone","CA","1","1",NULL,NULL,"9914.97","626.99",NULL,NULL,"0",NULL,NULL,NULL,NULL
1141,"Mallie Osborn","NY","1","1",NULL,NULL,"2849.99","1285.97",NULL,NULL,"0",NULL,NULL,NULL,NULL
1144,"Jewel Sparks","NY","1","1",NULL,NULL,"5399.98","787.17",NULL,NULL,"0",NULL,NULL,NULL,NULL
1148,"Lenore Valdez","NY","1","1","1",NULL,"4799.98","911.98","2297.07",NULL,"0",NULL,NULL,NULL,NULL
1149,"Drucilla Gilliam","CA","1","1",NULL,NULL,"5509.98","755.97",NULL,NULL,"0",NULL,NULL,NULL,NULL
1150,"Keturah Reid","TX","1",NULL,"1","1","5940.97",NULL,"751.98","398.98","0",NULL,NULL,NULL,NULL
1151,"Herminia Reyes","NY","1","1",NULL,NULL,"5699.98","1439.97",NULL,NULL,"0",NULL,NULL,NULL,NULL
1153,"Ara Vazquez","CA","1","1","1","1","195.29","629.98","3025.78","615.59","0",NULL,NULL,NULL,NULL
1154,"Barry Albert","NY","1",NULL,"1",NULL,"188.99",NULL,"3038.40",NULL,"0",NULL,NULL,NULL,NULL
1158,"Vito Pickett","NY","1","1",NULL,"1","3330.48","3005.97",NULL,"418.49","0",NULL,NULL,NULL,NULL
1159,"Charlene Norris","NY","1","1",NULL,"1","5399.98","511.49",NULL,"853.10","0",NULL,NULL,NULL,NULL
1161,"Santa Larson","NY","1","1",NULL,NULL,"575.98","7869.97",NULL,NULL,"0",NULL,NULL,NULL,NULL
1162,"Carmelina Sellers","NY","1","1",NULL,NULL,"6524.97","632.38",NULL,NULL,"0",NULL,NULL,NULL,NULL
1164,"Patrina Tanner","NY","1","1",NULL,NULL,"3999.99","539.98",NULL,NULL,"0",NULL,NULL,NULL,NULL
1165,"Rikki Morrow","TX","1","1",NULL,NULL,"7439.98","1861.95",NULL,NULL,"0",NULL,NULL,NULL,NULL
1171,"Earlean Pena","NY","1",NULL,"1",NULL,"9499.67",NULL,"4749.98",NULL,"0",NULL,NULL,NULL,NULL
1172,"Katherin Clark","NY","1","1",NULL,"1","1139.38","479.98",NULL,"4158.40","0",NULL,NULL,NULL,NULL
1174,"Aaron Knapp","NY","1",NULL,NULL,"1","5509.98",NULL,NULL,"417.57","0",NULL,NULL,NULL,NULL
1175,"Sindy Anderson","CA","1","1",NULL,"1","1673.99","1229.98",NULL,"1188.89","0",NULL,NULL,NULL,NULL
1177,"Charlesetta Soto","NY","1","1",NULL,NULL,"2799.99","502.18",NULL,NULL,"0",NULL,NULL,NULL,NULL
1183,"Kim Clark","NY","1","1",NULL,"1","1282.48","485.98",NULL,"896.50","0",NULL,NULL,NULL,NULL
1187,"Kenyetta Mason","NY","1","1",NULL,NULL,"303.98","1709.98",NULL,NULL,"0",NULL,NULL,NULL,NULL
1189,"Sheila Goodman","NY","1","1",NULL,NULL,"2754.99","826.47",NULL,NULL,"0",NULL,NULL,NULL,NULL
1190,"Romeo Steele","NY","1","1","1","1","2564.99","989.98","700.79","667.18","0",NULL,NULL,NULL,NULL
1191,"Tam Fisher","NY","1",NULL,"1",NULL,"2564.99",NULL,"874.18",NULL,"0",NULL,NULL,NULL,NULL
1192,"Gena Owens","TX","1",NULL,"1",NULL,"6399.98",NULL,"1899.98",NULL,"0",NULL,NULL,NULL,NULL
1195,"Chantell Bridges","NY","1","1",NULL,NULL,"11399.98","593.99",NULL,NULL,"0",NULL,NULL,NULL,NULL
1196,"Ileana Holt","NY","1",NULL,NULL,NULL,"4499.99",NULL,NULL,NULL,"0",NULL,NULL,NULL,NULL
1197,"Nakisha Clay","NY","1","1","1",NULL,"1160.97","847.98","791.34",NULL,"0",NULL,NULL,NULL,NULL
1199,"Consuela Collier","NY","1","1","1",NULL,"14227.96","781.17","446.49",NULL,"0",NULL,NULL,NULL,NULL
1200,"Aubrey Durham","NY","1","1",NULL,"1","3199.99","1512.47",NULL,"853.10","0",NULL,NULL,NULL,NULL
1201,"Nita Guy","NY","1","1","1","1","6399.98","278.99","1499.38","1194.01","0",NULL,NULL,NULL,NULL
1202,"Carmina Emerson","CA","1","1",NULL,"1","3599.99","511.49",NULL,"386.10","0",NULL,NULL,NULL,NULL
1205,"Emmaline Huber","NY","1","1","1",NULL,"5399.98","1079.98","4083.68",NULL,"0",NULL,NULL,NULL,NULL
1209,"Deandrea Cox","NY","1","1",NULL,"1","3347.98","1012.47",NULL,"417.57","0",NULL,NULL,NULL,NULL
1213,"Yang Giles","TX","1",NULL,"1",NULL,"4398.97",NULL,"845.98",NULL,"0",NULL,NULL,NULL,NULL
1214,"Brigid Sharp","CA","1",NULL,NULL,NULL,"20648.95",NULL,NULL,NULL,"0",NULL,NULL,NULL,NULL
1215,"Karl Stephens","NY","1","1","1","1","3039.99","1079.98","929.99","695.99","0",NULL,NULL,NULL,NULL
1220,"Carissa Cross","NY","1","1",NULL,NULL,"4639.98","764.07",NULL,NULL,"0",NULL,NULL,NULL,NULL
1224,"Abram Copeland","TX","1","1",NULL,"1","21929.96","613.79",NULL,"2063.27","0",NULL,NULL,NULL,NULL
1225,"Mellisa Griffin","CA","1","1","1",NULL,"3419.98","770.68","5859.97",NULL,"0",NULL,NULL,NULL,NULL
1226,"Qiana Jackson","NY","1","1",NULL,"1","416.67","925.97",NULL,"645.40","0",NULL,NULL,NULL,NULL
1227,"Magali Dixon","NY","1",NULL,"1","1","5579.98",NULL,"1599.98","407.55","0",NULL,NULL,NULL,NULL
1230,"Jesus Burch","TX","1","1",NULL,"1","6509.98","239.99",NULL,"313.49","0",NULL,NULL,NULL,NULL
1231,"Selene Vega","CA","1","1",NULL,"1","783.98","959.98",NULL,"375.29","0",NULL,NULL,NULL,NULL
1235,"Georgina Gonzales","NY","1","1",NULL,NULL,"4859.98","557.99",NULL,NULL,"0",NULL,NULL,NULL,NULL
1236,"Rudolph Velez","NY","1",NULL,NULL,"1","7839.98",NULL,NULL,"423.89","0",NULL,NULL,NULL,NULL
1237,"Luke Kramer","NY","1","1","1",NULL,"6399.98","2994.95","3025.78",NULL,"0",NULL,NULL,NULL,NULL
1238,"Edgar Quinn","TX","1",NULL,"1",NULL,"4799.98",NULL,"3193.88",NULL,"0",NULL,NULL,NULL,NULL
1240,"Bella Perez","CA","1","1",NULL,NULL,"5201.97","242.99",NULL,NULL,"0",NULL,NULL,NULL,NULL
1242,"Chauncey Donaldson","NY","1",NULL,NULL,"1","3953.37",NULL,NULL,"809.09","0",NULL,NULL,NULL,NULL
1244,"Trang Hardin","NY","1","1",NULL,NULL,"5209.97","522.49",NULL,NULL,"0",NULL,NULL,NULL,NULL
1245,"Gabriela Warren","NY","1","1","1",NULL,"2399.99","1919.96","3025.78",NULL,"0",NULL,NULL,NULL,NULL
1248,"Bethany Herring","NY","1",NULL,"1",NULL,"5399.98",NULL,"1394.10",NULL,"0",NULL,NULL,NULL,NULL
1249,"Barbra Dickerson","CA","1",NULL,"1","1","5123.37",NULL,"437.09","1959.57","0",NULL,NULL,NULL,NULL
1251,"Nanette Roman","CA","1","1",NULL,"1","341.98","1062.97",NULL,"854.38","0",NULL,NULL,NULL,NULL
1252,"Adriene Rollins","NY","1",NULL,NULL,"1","2754.99",NULL,NULL,"426.55","0",NULL,NULL,NULL,NULL
1254,"Dung Reid","CA","1","1",NULL,NULL,"4409.98","1105.98",NULL,NULL,"0",NULL,NULL,NULL,NULL
1256,"Nubia Anderson","NY","1","1",NULL,"1","899.99","476.99",NULL,"161.98","0",NULL,NULL,NULL,NULL
1257,"Rosamaria Meyer","NY","1","1",NULL,"1","3347.98","431.98",NULL,"2113.58","0",NULL,NULL,NULL,NULL
1258,"Todd Waters","NY","1","1",NULL,"1","8799.98","3104.96",NULL,"476.88","0",NULL,NULL,NULL,NULL
1259,"Kimbery Nieves","CA","1","1",NULL,NULL,"3347.98","1922.96",NULL,NULL,"0",NULL,NULL,NULL,NULL
1260,"Phuong Wolf","NY","1","1",NULL,"1","4949.99","332.49",NULL,"404.10","0",NULL,NULL,NULL,NULL
1261,"Adelaida Hancock","CA","1","1","1","1","5699.98","449.99","2943.10","404.10","0",NULL,NULL,NULL,NULL
1262,"Brianne Hays","CA","1",NULL,NULL,"1","2399.99",NULL,NULL,"1322.99","0",NULL,NULL,NULL,NULL
1263,"Rufina Chandler","NY","1",NULL,"1",NULL,"2699.99",NULL,"1344.79",NULL,"0",NULL,NULL,NULL,NULL
1266,"Myrl Gay","TX","1","1",NULL,NULL,"1394.99","1079.98",NULL,NULL,"0",NULL,NULL,NULL,NULL
1268,"Sung Chambers","NY","1","1",NULL,NULL,"3999.99","1115.97",NULL,NULL,"0",NULL,NULL,NULL,NULL
1272,"Houston Vasquez","CA","1",NULL,NULL,NULL,"2699.99",NULL,NULL,NULL,"0",NULL,NULL,NULL,NULL
1274,"Odette Moses","NY","1","1",NULL,NULL,"6399.98","1391.07",NULL,NULL,"0",NULL,NULL,NULL,NULL
1276,"Shona Mcmillan","CA","1","1",NULL,NULL,"5849.99","239.99",NULL,NULL,"0",NULL,NULL,NULL,NULL
1279,"Stan Saunders","NY","1",NULL,"1","1","6944.97",NULL,"1199.20","792.28","0",NULL,NULL,NULL,NULL
1280,"Jackeline Colon","NY","1","1",NULL,"1","3799.99","942.17",NULL,"599.99","0",NULL,NULL,NULL,NULL
1281,"Marlen Dawson","NY","1",NULL,NULL,NULL,"2932.48",NULL,NULL,NULL,"0",NULL,NULL,NULL,NULL
1284,"Shanice Spears","NY","1",NULL,NULL,NULL,"11299.97",NULL,NULL,NULL,"0",NULL,NULL,NULL,NULL
1290,"Minnie Compton","NY","1","1",NULL,"1","4139.98","3206.45",NULL,"989.98","0",NULL,NULL,NULL,NULL
1291,"Shiloh Bates","NY","1",NULL,"1",NULL,"4928.99",NULL,"1401.58",NULL,"0",NULL,NULL,NULL,NULL
1292,"Lakenya Oliver","CA","1",NULL,"1",NULL,"199.49",NULL,"899.99",NULL,"0",NULL,NULL,NULL,NULL
1295,"Alline Beasley","NY","1","1","1",NULL,"2399.99","1022.98","1599.98",NULL,"0",NULL,NULL,NULL,NULL
1298,"Trudy Riddle","NY","1","1",NULL,NULL,"1859.99","2354.96",NULL,NULL,"0",NULL,NULL,NULL,NULL
1300,"Clorinda Donovan","NY","1","1",NULL,NULL,"6399.98","1532.96",NULL,NULL,"0",NULL,NULL,NULL,NULL
1302,"Verda Gilbert","NY","1",NULL,"1","1","4399.99",NULL,"1424.98","524.39","0",NULL,NULL,NULL,NULL
1303,"Renay Atkins","NY","1","1",NULL,NULL,"1394.99","3937.96",NULL,NULL,"0",NULL,NULL,NULL,NULL
1304,"Tama Berg","NY","1","1",NULL,"1","1545.28","944.48",NULL,"476.88","0",NULL,NULL,NULL,NULL
1307,"Cinda Rocha","CA","1","1",NULL,NULL,"5509.98","1972.16",NULL,NULL,"0",NULL,NULL,NULL,NULL
1309,"Kimberli Cline","NY","1",NULL,NULL,NULL,"1619.99",NULL,NULL,NULL,"0",NULL,NULL,NULL,NULL
1310,"Emanuel Mckee","NY","1",NULL,NULL,NULL,"5833.97",NULL,NULL,NULL,"0",NULL,NULL,NULL,NULL
1312,"Tereasa Bird","NY","1",NULL,NULL,"1","10449.98",NULL,NULL,"167.99","0",NULL,NULL,NULL,NULL
1313,"Dante Grimes","CA","1",NULL,"1",NULL,"3719.99",NULL,"1394.10",NULL,"0",NULL,NULL,NULL,NULL
1314,"Joeann Garrison","CA","1","1","1",NULL,"3347.98","908.98","2788.20",NULL,"0",NULL,NULL,NULL,NULL
1315,"Omega Johnston","CA","1",NULL,"1",NULL,"5579.98",NULL,"2268.28",NULL,"0",NULL,NULL,NULL,NULL
1316,"Conrad Mueller","NY","1","1",NULL,NULL,"5599.98","325.49",NULL,NULL,"0",NULL,NULL,NULL,NULL
1317,"Glady Wells","NY","1",NULL,NULL,NULL,"325.49",NULL,NULL,NULL,"0",NULL,NULL,NULL,NULL
1319,"Claris Santiago","NY","1",NULL,NULL,"1","2849.98",NULL,NULL,"2381.87","0",NULL,NULL,NULL,NULL
1321,"Shantel Gregory","NY","1",NULL,"1","1","2789.99",NULL,"1599.98","1254.94","0",NULL,NULL,NULL,NULL
1322,"Ai Forbes","NY","1",NULL,"1","1","2789.99",NULL,"799.99","1424.98","0",NULL,NULL,NULL,NULL
1323,"Ebony Cotton","NY","1","1",NULL,"1","170.99","1519.98",NULL,"642.38","0",NULL,NULL,NULL,NULL
1326,"Tarra Guerrero","NY","1","1",NULL,NULL,"1709.99","1445.97",NULL,NULL,"0",NULL,NULL,NULL,NULL
1327,"Consuela Romero","NY","1",NULL,NULL,NULL,"1599.98",NULL,NULL,NULL,"0",NULL,NULL,NULL,NULL
1330,"Karren Stevenson","CA","1",NULL,NULL,NULL,"5891.16",NULL,NULL,NULL,"0",NULL,NULL,NULL,NULL
1332,"Novella Ross","CA","1",NULL,NULL,"1","12010.97",NULL,NULL,"296.99","0",NULL,NULL,NULL,NULL
1333,"Omega Huff","CA","1","1","1",NULL,"2849.99","242.99","5441.39",NULL,"0",NULL,NULL,NULL,NULL
1334,"Ashleigh Finch","NY","1","1","1",NULL,"2319.99","1464.97","1239.20",NULL,"0",NULL,NULL,NULL,NULL
1341,"Rozanne Reyes","NY","1","1",NULL,"1","7599.98","449.99",NULL,"426.55","0",NULL,NULL,NULL,NULL
1342,"Lekisha Pope","NY","1","1",NULL,NULL,"195.29","332.49",NULL,NULL,"0",NULL,NULL,NULL,NULL
1343,"Jama Rodriquez","CA","1","1",NULL,"1","899.99","512.98",NULL,"405.48","0",NULL,NULL,NULL,NULL
1344,"Eloisa Tucker","NY","1","1",NULL,NULL,"2849.98","527.99",NULL,NULL,"0",NULL,NULL,NULL,NULL
1347,"Kate Barber","NY","1","1",NULL,NULL,"5849.99","645.98",NULL,NULL,"0",NULL,NULL,NULL,NULL
1348,"Yvone Guerrero","NY","1","1",NULL,"1","9809.97","569.99",NULL,"803.07","0",NULL,NULL,NULL,NULL
1349,"Kami Rios","CA","1","1",NULL,"1","7199.98","1022.98",NULL,"1055.69","0",NULL,NULL,NULL,NULL
1350,"Annett Rush","NY","1","1",NULL,NULL,"3719.99","2369.94",NULL,NULL,"0",NULL,NULL,NULL,NULL
1355,"Thad Gilliam","NY","1","1",NULL,NULL,"1709.99","251.09",NULL,NULL,"0",NULL,NULL,NULL,NULL
1359,"Octavia Donaldson","NY","1","1","1","1","1709.99","464.99","2943.10","1424.98","0",NULL,NULL,NULL,NULL
1360,"Latashia Travis","CA","1","1","1","1","3239.98","1115.98","3193.88","417.57","0",NULL,NULL,NULL,NULL
1362,"Christiana Gross","NY","1","1","1",NULL,"1439.99","959.98","1899.98",NULL,"0",NULL,NULL,NULL,NULL
1363,"Nestor Haynes","TX","1","1",NULL,"1","1199.99","256.49",NULL,"404.10","0",NULL,NULL,NULL,NULL
1365,"Shenna Espinoza","NY","1",NULL,NULL,NULL,"5699.98",NULL,NULL,NULL,"0",NULL,NULL,NULL,NULL
1368,"Veronique Fulton","NY","1","1",NULL,"1","7599.98","1559.46",NULL,"1056.79","0",NULL,NULL,NULL,NULL
1370,"Rona Rojas","CA","1",NULL,NULL,NULL,"7439.98",NULL,NULL,NULL,"0",NULL,NULL,NULL,NULL
1372,"Renna Williams","NY","1","1","1","1","4649.99","1439.98","375.99","555.18","0",NULL,NULL,NULL,NULL
1373,"Lanora Robbins","NY","1","1",NULL,"1","3199.99","1995.97",NULL,"404.10","0",NULL,NULL,NULL,NULL
1376,"Kimberley Reynolds","NY","1","1",NULL,"1","2399.99","1322.97",NULL,"386.10","0",NULL,NULL,NULL,NULL
1380,"Eliz Lynch","NY","1",NULL,NULL,NULL,"2319.99",NULL,NULL,NULL,"0",NULL,NULL,NULL,NULL
1382,"Wynona Douglas","TX","1","1","1","1","11399.98","953.98","2906.38","1231.18","0",NULL,NULL,NULL,NULL
1388,"Nanette Harris","NY","1",NULL,NULL,NULL,"2559.99",NULL,NULL,NULL,"0",NULL,NULL,NULL,NULL
1390,"Genoveva Lloyd","NY","1",NULL,"1","1","3119.96",NULL,"788.39","1424.98","0",NULL,NULL,NULL,NULL
1391,"Sheryl Chase","NY","1","1",NULL,NULL,"16459.94","626.99",NULL,NULL,"0",NULL,NULL,NULL,NULL
1392,"Trista Lambert","NY","1","1",NULL,NULL,"5399.98","522.49",NULL,NULL,"0",NULL,NULL,NULL,NULL
1393,"Vivian Deleon","NY","1",NULL,NULL,"1","199.49",NULL,NULL,"1481.99","0",NULL,NULL,NULL,NULL
1396,"Delma Bailey","CA","1",NULL,"1",NULL,"5034.99",NULL,"949.99",NULL,"0",NULL,NULL,NULL,NULL
1397,"Dewayne Herring","NY","1","1",NULL,"1","3419.98","557.98",NULL,"943.19","0",NULL,NULL,NULL,NULL
1398,"Nevada Hood","NY","1","1","1","1","5579.98","464.99","1239.20","404.10","0",NULL,NULL,NULL,NULL
1401,"Willetta Murphy","NY","1","1",NULL,"1","341.98","835.98",NULL,"1022.98","0",NULL,NULL,NULL,NULL
1402,"Sandee Alvarado","NY","1",NULL,NULL,NULL,"799.99",NULL,NULL,NULL,"0",NULL,NULL,NULL,NULL
1403,"Mila Moody","NY","1",NULL,"1",NULL,"9651.97",NULL,"2943.10",NULL,"0",NULL,NULL,NULL,NULL
1406,"Farrah Orr","NY","1","1",NULL,"1","5699.98","1502.96",NULL,"697.49","0",NULL,NULL,NULL,NULL
1408,"Eleanor Mendez","NY","1",NULL,NULL,"1","3324.99",NULL,NULL,"1504.19","0",NULL,NULL,NULL,NULL
1410,"Lurlene Finch","NY","1","1",NULL,"1","151.99","502.18",NULL,"1175.49","0",NULL,NULL,NULL,NULL
1411,"Shanda Stevenson","NY","1",NULL,NULL,"1","4583.67",NULL,NULL,"376.79","0",NULL,NULL,NULL,NULL
1412,"Adrien Hunter","NY","1",NULL,"1",NULL,"284.98",NULL,"949.99",NULL,"0",NULL,NULL,NULL,NULL
1414,"Sonja Walls","NY","1",NULL,NULL,NULL,"176.69",NULL,NULL,NULL,"0",NULL,NULL,NULL,NULL
1415,"Harold O'connor","CA","1","1","1","1","3999.99","557.98","4442.48","725.38","0",NULL,NULL,NULL,NULL
1416,"Miranda Kennedy","NY","1",NULL,NULL,NULL,"3254.99",NULL,NULL,NULL,"0",NULL,NULL,NULL,NULL
1418,"Penni Best","CA","1","1",NULL,"1","3374.97","465.49",NULL,"322.39","0",NULL,NULL,NULL,NULL
1419,"Lurlene Cotton","CA","1",NULL,NULL,NULL,"4399.99",NULL,NULL,NULL,"0",NULL,NULL,NULL,NULL
1421,"Edris Barrett","NY","1","1",NULL,NULL,"15734.96","1759.98",NULL,NULL,"0",NULL,NULL,NULL,NULL
1422,"Tempie Jacobson","NY","1",NULL,NULL,"1","6299.98",NULL,NULL,"749.69","0",NULL,NULL,NULL,NULL
1423,"Dollie Cervantes","TX","1","1","1","1","9499.98","485.98","814.67","438.02","0",NULL,NULL,NULL,NULL
1424,"Lashunda Cole","NY","1",NULL,NULL,"1","4239.99",NULL,NULL,"2351.98","0",NULL,NULL,NULL,NULL
1425,"Justina Jenkins","NY","1",NULL,NULL,NULL,"4639.98",NULL,NULL,NULL,"0",NULL,NULL,NULL,NULL
1426,"Londa Gould","TX","1","1",NULL,"1","3419.98","2276.96",NULL,"1085.39","0",NULL,NULL,NULL,NULL
1430,"Tayna Wade","CA","1",NULL,NULL,"1","2399.99",NULL,NULL,"1228.52","0",NULL,NULL,NULL,NULL
1432,"Zona Cameron","NY","1",NULL,NULL,NULL,"2696.99",NULL,NULL,NULL,"0",NULL,NULL,NULL,NULL
1433,"Nicola Knight","NY","1","1","1",NULL,"1679.98","969.47","1576.78",NULL,"0",NULL,NULL,NULL,NULL
1435,"Merrie Fowler","NY","1","1","1","1","3799.99","764.98","2689.58","815.10","0",NULL,NULL,NULL,NULL
1436,"Macie Ayers","NY","1","1",NULL,"1","8089.96","494.99",NULL,"749.56","0",NULL,NULL,NULL,NULL
1437,"Son Warner","NY","1",NULL,NULL,NULL,"3799.99",NULL,NULL,NULL,"0",NULL,NULL,NULL,NULL
1438,"Lee Dunn","CA","1","1","1",NULL,"10328.98","1751.97","899.99",NULL,"0",NULL,NULL,NULL,NULL
1439,"Florrie Little","NY","1","1",NULL,"1","6649.98","1439.97",NULL,"1829.97","0",NULL,NULL,NULL,NULL
1440,"Ernest Rollins","NY","1","1","1","1","7599.98","476.99","375.99","1907.29","0",NULL,NULL,NULL,NULL
1441,"Jamaal Morrison","NY","1",NULL,"1",NULL,"6134.98",NULL,"3038.40",NULL,"0",NULL,NULL,NULL,NULL
1442,"Cassie Cline","NY","1","1",NULL,"1","4859.98","718.98",NULL,"1408.28","0",NULL,NULL,NULL,NULL
1443,"Lezlie Lamb","NY","1","1","1",NULL,"6419.98","1070.97","2881.14",NULL,"0",NULL,NULL,NULL,NULL
1445,"Ester Acevedo","CA","1",NULL,NULL,NULL,"7999.98",NULL,NULL,NULL,"0",NULL,NULL,NULL,NULL
